1,Rosanne,Agius,ragius0@msn.com,Female
2,Laurice,Lowton,llowton1@cnn.com,Genderfluid
3,Bili,Joust,bjoust2@youku.com,Female
4,Sky,Dunge,sdunge3@vkontakte.ru,Male
5,Liliane,Server,lserver4@japanpost.jp,Female
6,Melvyn,Vedeniktov,mvedeniktov5@cyberchimps.com,Male
7,Arther,Hagerty,ahagerty6@nyu.edu,Male
8,Berkie,Jeynes,bjeynes7@mit.edu,Male
9,Nell,Oxtarby,noxtarby8@51.la,Female
10,Tabbie,Lage,tlage9@usatoday.com,Female
11,Maggy,Jirusek,mjiruseka@jiathis.com,Female
12,Dotty,Wilford,dwilfordb@discuz.net,Female
13,Betteann,Seak,bseakc@goodreads.com,Non-binary
14,Manfred,Elfitt,melfittd@scribd.com,Male
15,Micky,Bullerwell,mbullerwelle@360.cn,Female
16,Emmalee,Figger,efiggerf@csmonitor.com,Female
17,Dominga,Bertelmot,dbertelmotg@cdbaby.com,Female
18,Leigh,Fellnee,lfellneeh@walmart.com,Female
19,Valencia,Mathes,vmathesi@redcross.org,Female
20,Stephie,McQuirk,smcquirkj@sourceforge.net,Female
21,Melodee,Girardin,mgirardink@dyndns.org,Female
22,Clayborne,Camblin,ccamblinl@nsw.gov.au,Male
23,Mirella,Jackman,mjackmanm@dot.gov,Non-binary
24,Theobald,Skirvane,tskirvanen@ca.gov,Male
25,Eartha,Dinneen,edinneeno@adobe.com,Female
26,Rainer,Matteoni,rmatteonip@wix.com,Male
27,Adrian,Sabbins,asabbinsq@hostgator.com,Male
28,Sayre,Grigaut,sgrigautr@businessweek.com,Male
29,Loydie,Coltart,lcoltarts@so-net.ne.jp,Genderqueer
30,Hermann,Twyford,htwyfordt@jigsy.com,Male
31,Jayme,Papaminas,jpapaminasu@facebook.com,Polygender
32,Shandie,Cockton,scocktonv@arstechnica.com,Female
33,Margaretha,Levings,mlevingsw@goo.ne.jp,Female
34,Cairistiona,La Torre,clatorrex@parallels.com,Female
35,Jeffry,Libri,jlibriy@cornell.edu,Agender
36,Grady,Local,glocalz@princeton.edu,Male
37,Ernesta,Simonou,esimonou10@sciencedaily.com,Female
38,Dagmar,Warren,dwarren11@mediafire.com,Female
39,Aguie,Bugg,abugg12@mozilla.org,Male
40,Matthieu,Holdron,mholdron13@google.nl,Male
41,Kermie,Cohalan,kcohalan14@cisco.com,Male
42,Hanan,Nudds,hnudds15@statcounter.com,Bigender
43,Vernon,Dixsee,vdixsee16@yellowpages.com,Male
44,Reider,Torr,rtorr17@rambler.ru,Male
45,Beale,Prophet,bprophet18@state.gov,Male
46,Lowrance,Yanne,lyanne19@last.fm,Male
47,Myrilla,Legge,mlegge1a@usnews.com,Female
48,Teirtza,Haskey,thaskey1b@cafepress.com,Female
49,Tawnya,Varnham,tvarnham1c@infoseek.co.jp,Female
50,Arturo,Bernaciak,abernaciak1d@4shared.com,Male
51,Finley,Cloney,fcloney1e@cnet.com,Male
52,Selene,Hardie,shardie1f@marketwatch.com,Polygender
53,Matelda,Ruggieri,mruggieri1g@guardian.co.uk,Female
54,Harley,Capenor,hcapenor1h@ustream.tv,Bigender
55,Josh,Dmisek,jdmisek1i@netscape.com,Male
56,Ricky,Schustl,rschustl1j@naver.com,Male
57,Osborn,Mingame,omingame1k@bigcartel.com,Male
58,Cull,Ponde,cponde1l@twitpic.com,Genderfluid
59,Pall,Bernardot,pbernardot1m@wired.com,Male
60,Bianka,Dobbie,bdobbie1n@pcworld.com,Female
61,Robbin,Pardon,rpardon1o@phpbb.com,Female
62,Lev,Swidenbank,lswidenbank1p@seattletimes.com,Male
63,Rosemarie,Langsbury,rlangsbury1q@gov.uk,Female
64,Leigh,Broz,lbroz1r@i2i.jp,Male
65,Kahlil,Kullmann,kkullmann1s@t-online.de,Male
66,Palm,Mosco,pmosco1t@pagesperso-orange.fr,Male
67,Reece,Crab,rcrab1u@facebook.com,Non-binary
68,Trixie,Verson,tverson1v@4shared.com,Female
69,Monro,Hebborn,mhebborn1w@1688.com,Male
70,Morganica,Pettendrich,mpettendrich1x@businessinsider.com,Female
71,Koressa,Braxton,kbraxton1y@yahoo.co.jp,Female
72,Wade,Hysom,whysom1z@xinhuanet.com,Male
73,Corey,Calloway,ccalloway20@jiathis.com,Male
74,Marylynne,Oultram,moultram21@domainmarket.com,Female
75,Patsy,Folshom,pfolshom22@aboutads.info,Female
76,Gasparo,Gleeson,ggleeson23@loc.gov,Male
77,Jakob,Spinello,jspinello24@cnn.com,Male
78,Elwyn,Childerley,echilderley25@digg.com,Male
79,Maris,Coventry,mcoventry26@jigsy.com,Female
80,Andris,Martusov,amartusov27@bbc.co.uk,Male
81,Adan,Spring,aspring28@mail.ru,Male
82,Rozamond,Ingry,ringry29@sogou.com,Female
83,Mohandis,Surmeyers,msurmeyers2a@theglobeandmail.com,Male
84,Claudina,Callaway,ccallaway2b@soundcloud.com,Female
85,Neil,Grabbam,ngrabbam2c@opensource.org,Male
86,Blancha,Carlet,bcarlet2d@cam.ac.uk,Genderqueer
87,Ertha,Mingotti,emingotti2e@opensource.org,Female
88,Johanna,Troman,jtroman2f@friendfeed.com,Female
89,Bryn,Kinzett,bkinzett2g@ifeng.com,Male
90,Brendin,Blunn,bblunn2h@mail.ru,Male
91,Bond,Bellow,bbellow2i@spotify.com,Male
92,Florentia,Kerrigan,fkerrigan2j@pbs.org,Female
93,Rolf,Marshman,rmarshman2k@va.gov,Male
94,Yule,Heyburn,yheyburn2l@vkontakte.ru,Male
95,Devonne,Nuzzti,dnuzzti2m@ca.gov,Female
96,Kahaleel,Dohmer,kdohmer2n@lycos.com,Male
97,Nerte,Spritt,nspritt2o@tmall.com,Female
98,Homer,Deeves,hdeeves2p@de.vu,Male
99,Sallie,Wenzel,swenzel2q@odnoklassniki.ru,Female
100,Krissie,Crompton,kcrompton2r@princeton.edu,Bigender
101,Mirilla,Cafferty,mcafferty2s@who.int,Female
102,Brianna,Barthot,bbarthot2t@ehow.com,Female
103,Sibelle,Evelyn,sevelyn2u@desdev.cn,Female
104,Harriott,Hynd,hhynd2v@sbwire.com,Female
105,Clarette,Sweed,csweed2w@shop-pro.jp,Female
106,Noach,Treuge,ntreuge2x@flavors.me,Male
107,Odie,Ivanishchev,oivanishchev2y@g.co,Male
108,Darbee,Janc,djanc2z@nih.gov,Male
109,Evvy,Hierro,ehierro30@npr.org,Female
110,Spense,Elby,selby31@istockphoto.com,Male
111,Alberik,Tschirasche,atschirasche32@wunderground.com,Male
112,Hobard,Kuscha,hkuscha33@ca.gov,Male
113,Carlie,Grishechkin,cgrishechkin34@nydailynews.com,Female
114,Dee dee,Croan,dcroan35@google.pl,Female
115,Imojean,Beardwell,ibeardwell36@dailymotion.com,Female
116,Iosep,Scottini,iscottini37@tmall.com,Male
117,Eveline,Koppes,ekoppes38@google.it,Female
118,Elbert,Gostick,egostick39@accuweather.com,Male
119,Jolynn,Martschik,jmartschik3a@dmoz.org,Female
120,Cherish,Sommerfeld,csommerfeld3b@linkedin.com,Female
121,Jeniffer,Heppenspall,jheppenspall3c@ezinearticles.com,Female
122,Courtney,Nehlsen,cnehlsen3d@linkedin.com,Polygender
123,Emmi,Zealander,ezealander3e@exblog.jp,Female
124,Cleve,Shanley,cshanley3f@ucoz.ru,Male
125,Rhea,Wrathall,rwrathall3g@archive.org,Female
126,Whit,Macer,wmacer3h@cisco.com,Male
127,Luciano,Aikman,laikman3i@com.com,Male
128,Orella,Cobbold,ocobbold3j@cnn.com,Female
129,Rabbi,Scotchmor,rscotchmor3k@hud.gov,Male
130,Aurore,Bonny,abonny3l@dmoz.org,Female
131,Sawyere,Sach,ssach3m@businessweek.com,Male
132,Ransom,Grundon,rgrundon3n@printfriendly.com,Male
133,Ailsun,Demicoli,ademicoli3o@jigsy.com,Female
134,Godart,O' Hogan,gohogan3p@bing.com,Genderqueer
135,Thom,Girodin,tgirodin3q@jiathis.com,Male
136,Brooke,Mindenhall,bmindenhall3r@miitbeian.gov.cn,Male
137,Marietta,Ritchman,mritchman3s@bbc.co.uk,Female
138,Silvano,MacAskill,smacaskill3t@rediff.com,Male
139,Latashia,Sicha,lsicha3u@google.it,Female
140,Britteny,Dunlap,bdunlap3v@hatena.ne.jp,Female
141,Georges,Spaducci,gspaducci3w@exblog.jp,Male
142,Sly,Dallon,sdallon3x@apache.org,Male
143,Neale,Hestrop,nhestrop3y@example.com,Male
144,Gaile,Dabes,gdabes3z@guardian.co.uk,Male
145,Shirline,Fynan,sfynan40@dropbox.com,Female
146,Rudyard,Heskins,rheskins41@usatoday.com,Male
147,Sayre,Housego,shousego42@reuters.com,Female
148,Kimberli,Karlolczak,kkarlolczak43@devhub.com,Female
149,Wylie,Wanka,wwanka44@slashdot.org,Male
150,Roma,Kelemen,rkelemen45@un.org,Male
151,Minne,Balhatchet,mbalhatchet46@google.pl,Female
152,Armin,Breheny,abreheny47@spotify.com,Male
153,Mathian,Couche,mcouche48@comcast.net,Male
154,Inez,Smuth,ismuth49@china.com.cn,Female
155,Mavra,Masi,mmasi4a@state.tx.us,Female
156,Tris,Barwack,tbarwack4b@upenn.edu,Male
157,Nicoli,Nare,nnare4c@cloudflare.com,Female
158,Essie,Whitcher,ewhitcher4d@scientificamerican.com,Polygender
159,Werner,Crighten,wcrighten4e@plala.or.jp,Male
160,Sibyl,Burston,sburston4f@diigo.com,Female
161,Dario,Hevey,dhevey4g@is.gd,Male
162,Marie,Snelling,msnelling4h@ft.com,Female
163,Skippie,McSporon,smcsporon4i@mit.edu,Male
164,Otto,Randall,orandall4j@tuttocitta.it,Bigender
165,Edgar,Lyenyng,elyenyng4k@gravatar.com,Male
166,Beck,Franceschelli,bfranceschelli4l@theatlantic.com,Male
167,Nataniel,Beebee,nbeebee4m@geocities.com,Male
168,Gavin,O'Loughlin,goloughlin4n@rambler.ru,Male
169,Selia,Lodder,slodder4o@aol.com,Female
170,Josh,Oakshott,joakshott4p@walmart.com,Male
171,Bennett,Posnett,bposnett4q@drupal.org,Male
172,Thibaut,Trude,ttrude4r@squarespace.com,Male
173,Dwayne,Sherrin,dsherrin4s@netvibes.com,Male
174,Cornie,Roderigo,croderigo4t@vinaora.com,Female
175,Dennie,Maher,dmaher4u@techcrunch.com,Male
176,Gaile,Arzu,garzu4v@newsvine.com,Male
177,Carmelita,Kulver,ckulver4w@dot.gov,Polygender
178,Hadria,Neame,hneame4x@cam.ac.uk,Female
179,Ulick,Sallings,usallings4y@pen.io,Male
180,Andrey,Chadwin,achadwin4z@cbslocal.com,Male
181,Yule,Haxbie,yhaxbie50@phoca.cz,Male
182,Neal,Thurman,nthurman51@yahoo.co.jp,Male
183,Constanta,Luce,cluce52@usda.gov,Female
184,Minny,Phayre,mphayre53@godaddy.com,Female
185,Gianina,Lomasna,glomasna54@fda.gov,Female
186,Nancee,Bardey,nbardey55@reuters.com,Female
187,Vanya,Arlott,varlott56@privacy.gov.au,Male
188,Berk,Tabor,btabor57@slate.com,Male
189,Rosabel,Kennsley,rkennsley58@marketwatch.com,Female
190,Tonia,Brody,tbrody59@newsvine.com,Female
191,Sinclare,Noods,snoods5a@unesco.org,Male
192,Arleta,Chomicz,achomicz5b@youtu.be,Female
193,Melissa,Zavattieri,mzavattieri5c@seattletimes.com,Female
194,Drona,Noor,dnoor5d@odnoklassniki.ru,Female
195,Siana,Haacker,shaacker5e@uiuc.edu,Female
196,Elisa,Steinham,esteinham5f@weebly.com,Female
197,Lissy,Fernandez,lfernandez5g@jiathis.com,Female
198,Dylan,Rollinshaw,drollinshaw5h@oracle.com,Male
199,Reena,Guitel,rguitel5i@ucsd.edu,Female
200,Thorny,Hinckes,thinckes5j@mozilla.com,Male
201,Cherrita,Ovenell,covenell5k@usnews.com,Female
202,Steffane,Hazael,shazael5l@wsj.com,Female
203,Honor,Abercrombie,habercrombie5m@naver.com,Female
204,Lance,Ventham,lventham5n@opera.com,Male
205,Dona,Speerman,dspeerman5o@issuu.com,Female
206,Marlowe,Ebbrell,mebbrell5p@comsenz.com,Male
207,Nev,Gemmill,ngemmill5q@amazon.co.jp,Male
208,Rodi,Americi,ramerici5r@wordpress.com,Female
209,Barb,Stamper,bstamper5s@independent.co.uk,Female
210,Morgana,Diem,mdiem5t@ocn.ne.jp,Female
211,Charlene,Hunt,chunt5u@opensource.org,Female
212,Garrik,Ashall,gashall5v@ftc.gov,Male
213,Levy,Beattie,lbeattie5w@wikipedia.org,Male
214,Pammi,Bown,pbown5x@blogspot.com,Female
215,Murial,Goor,mgoor5y@ox.ac.uk,Female
216,Jade,Cantrill,jcantrill5z@youku.com,Female
217,Tiphany,Annable,tannable60@hao123.com,Female
218,Sarene,Exley,sexley61@home.pl,Female
219,Ursuline,Gallehock,ugallehock62@salon.com,Female
220,Jodee,Stainton,jstainton63@state.gov,Female
221,Tina,Lowe,tlowe64@comsenz.com,Female
222,Felice,Duffield,fduffield65@utexas.edu,Male
223,Jasmine,Kester,jkester66@yellowbook.com,Female
224,Simone,Showl,sshowl67@i2i.jp,Female
225,Cornelius,Bolliver,cbolliver68@dagondesign.com,Male
226,Enos,Hanburry,ehanburry69@si.edu,Male
227,Foster,Douce,fdouce6a@java.com,Male
228,Raymond,Jesson,rjesson6b@facebook.com,Male
229,Wendeline,Tyght,wtyght6c@ucla.edu,Female
230,Alaine,Ludgrove,aludgrove6d@jimdo.com,Female
231,Britt,Clarage,bclarage6e@blinklist.com,Female
232,Heinrick,Ethridge,hethridge6f@meetup.com,Genderfluid
233,Anya,Gerrit,agerrit6g@google.fr,Female
234,Martina,Tortoishell,mtortoishell6h@i2i.jp,Female
235,Waylon,Tong,wtong6i@printfriendly.com,Male
236,Shani,Scolts,sscolts6j@ow.ly,Female
237,Morie,Keatley,mkeatley6k@guardian.co.uk,Male
238,Hailey,Lattey,hlattey6l@amazon.de,Male
239,Bourke,Norres,bnorres6m@amazon.com,Male
240,Delores,McAleese,dmcaleese6n@gmpg.org,Female
241,Giulio,Yewdale,gyewdale6o@hatena.ne.jp,Male
242,Marys,Lockhead,mlockhead6p@wp.com,Female
243,Brigitte,Bazell,bbazell6q@360.cn,Female
244,Roma,Gertz,rgertz6r@stumbleupon.com,Male
245,Ruperto,Dragoe,rdragoe6s@cmu.edu,Male
246,Sylvan,Passmore,spassmore6t@freewebs.com,Male
247,Huntington,Orritt,horritt6u@epa.gov,Genderfluid
248,Raymond,Krzyzowski,rkrzyzowski6v@simplemachines.org,Male
249,Derron,Gamwell,dgamwell6w@nps.gov,Male
250,Carson,Carwithen,ccarwithen6x@techcrunch.com,Male
251,Fredek,Legerwood,flegerwood6y@shop-pro.jp,Male
252,Aryn,Clayfield,aclayfield6z@wordpress.com,Female
253,Sigrid,Grishukhin,sgrishukhin70@stumbleupon.com,Genderqueer
254,Harriott,Spellicy,hspellicy71@techcrunch.com,Female
255,Norah,Reddie,nreddie72@ca.gov,Female
256,Ruth,Ughini,rughini73@guardian.co.uk,Female
257,Halsey,McFaul,hmcfaul74@acquirethisname.com,Male
258,Junia,Guihen,jguihen75@ox.ac.uk,Female
259,Blythe,Ivankin,bivankin76@biblegateway.com,Female
260,Rhys,Overshott,rovershott77@amazonaws.com,Male
261,Ezechiel,Labrum,elabrum78@cnet.com,Male
262,Donalt,Lavarack,dlavarack79@storify.com,Male
263,Jody,Whoolehan,jwhoolehan7a@google.co.jp,Male
264,Harvey,Poker,hpoker7b@canalblog.com,Male
265,Rodger,Tringham,rtringham7c@auda.org.au,Male
266,Gayelord,Cattrall,gcattrall7d@washingtonpost.com,Male
267,Franzen,Tathacott,ftathacott7e@soup.io,Male
268,Woodie,Lackmann,wlackmann7f@bloomberg.com,Male
269,Edythe,Wennington,ewennington7g@woothemes.com,Female
270,Boony,O'Brian,bobrian7h@arizona.edu,Genderqueer
271,Conway,Weond,cweond7i@php.net,Male
272,Marylee,Orrock,morrock7j@flickr.com,Bigender
273,Lara,Iacobassi,liacobassi7k@newyorker.com,Female
274,Donny,Todman,dtodman7l@blog.com,Male
275,Hortense,Jochanany,hjochanany7m@bing.com,Female
276,Jarvis,Hughes,jhughes7n@live.com,Male
277,Bart,Habergham,bhabergham7o@people.com.cn,Male
278,Tisha,Ritchie,tritchie7p@stanford.edu,Polygender
279,Merle,Dowda,mdowda7q@gnu.org,Male
280,Daisie,Arnaldo,darnaldo7r@slate.com,Bigender
281,Lowrance,d' Elboux,ldelboux7s@yellowpages.com,Male
282,Agretha,Gellibrand,agellibrand7t@cocolog-nifty.com,Female
283,Nixie,Ailward,nailward7u@hatena.ne.jp,Agender
284,Garrott,Roache,groache7v@infoseek.co.jp,Male
285,Bartolomeo,Selland,bselland7w@admin.ch,Male
286,Uriah,Ducket,uducket7x@pcworld.com,Male
287,Bram,Hannon,bhannon7y@51.la,Male
288,Shaylynn,Millichip,smillichip7z@ca.gov,Female
289,Marni,Harling,mharling80@springer.com,Female
290,Thornie,Jahnisch,tjahnisch81@youku.com,Male
291,Inglebert,Caldecutt,icaldecutt82@abc.net.au,Male
292,See,Blackaller,sblackaller83@stumbleupon.com,Male
293,Benedicta,Rochell,brochell84@wikispaces.com,Female
294,Claudetta,Brittle,cbrittle85@biglobe.ne.jp,Bigender
295,Morten,Berrie,mberrie86@uol.com.br,Male
296,Aurora,Baxandall,abaxandall87@amazon.com,Female
297,Georg,Thornthwaite,gthornthwaite88@salon.com,Male
298,Sandor,Nowaczyk,snowaczyk89@vkontakte.ru,Male
299,Osgood,Ducroe,oducroe8a@tuttocitta.it,Male
300,Fancy,Crawforth,fcrawforth8b@meetup.com,Genderqueer
301,Ali,Heavens,aheavens8c@google.pl,Female
302,Sax,Oates,soates8d@nationalgeographic.com,Male
303,Hilarius,Chang,hchang8e@statcounter.com,Male
304,Lane,Gooley,lgooley8f@phpbb.com,Male
305,Karlis,Karlsen,kkarlsen8g@sfgate.com,Male
306,Petey,Eade,peade8h@samsung.com,Agender
307,Sidoney,Brazenor,sbrazenor8i@wired.com,Female
308,Harmony,Merlin,hmerlin8j@youtube.com,Female
309,Shantee,Piddocke,spiddocke8k@si.edu,Female
310,Clint,Whartonby,cwhartonby8l@cocolog-nifty.com,Male
311,Brock,Burborough,bburborough8m@shutterfly.com,Male
312,Mabelle,Lambal,mlambal8n@diigo.com,Female
313,Hamlen,O'Scanlon,hoscanlon8o@rakuten.co.jp,Male
314,Ruprecht,Ragat,rragat8p@yellowpages.com,Male
315,Katya,Godman,kgodman8q@ustream.tv,Female
316,Lucian,Craigie,lcraigie8r@phpbb.com,Male
317,Tabatha,Depper,tdepper8s@wordpress.org,Female
318,Mauricio,Osmint,mosmint8t@si.edu,Male
319,Karim,Anfrey,kanfrey8u@plala.or.jp,Male
320,Myrna,Whaplington,mwhaplington8v@ihg.com,Female
321,Lothaire,Willbraham,lwillbraham8w@patch.com,Male
322,Meir,Cholmondeley,mcholmondeley8x@dmoz.org,Agender
323,Enrichetta,Quelch,equelch8y@nytimes.com,Female
324,Ashton,Isenor,aisenor8z@a8.net,Male
325,Andy,Cockill,acockill90@google.ca,Male
326,Kevina,Deeman,kdeeman91@hao123.com,Female
327,Arthur,De Marchi,ademarchi92@hugedomains.com,Male
328,Doug,Keady,dkeady93@feedburner.com,Male
329,Waylon,Gartrell,wgartrell94@cnbc.com,Male
330,Larine,Roston,lroston95@ning.com,Female
331,Nichols,Smallacombe,nsmallacombe96@hostgator.com,Male
332,Filmore,Merrgen,fmerrgen97@twitpic.com,Male
333,Curry,Manjot,cmanjot98@fc2.com,Male
334,Lyndell,Waldera,lwaldera99@biblegateway.com,Female
335,Filberto,Wilsey,fwilsey9a@pen.io,Male
336,Adora,Aldritt,aaldritt9b@timesonline.co.uk,Female
337,Doralynn,Sheed,dsheed9c@cbslocal.com,Genderqueer
338,Janelle,Moxson,jmoxson9d@fema.gov,Female
339,Abrahan,Squeers,asqueers9e@google.ca,Male
340,Nil,Brimming,nbrimming9f@cocolog-nifty.com,Male
341,Crysta,Wink,cwink9g@angelfire.com,Female
342,Merrili,Haldene,mhaldene9h@freewebs.com,Female
343,Ralph,Slorach,rslorach9i@umn.edu,Male
344,Reynard,Verring,rverring9j@eventbrite.com,Male
345,Pauly,Jacketts,pjacketts9k@hibu.com,Female
346,Seymour,Baiyle,sbaiyle9l@behance.net,Male
347,Auguste,Sherbrook,asherbrook9m@timesonline.co.uk,Female
348,Gui,Mullett,gmullett9n@tinyurl.com,Female
349,Roderick,Lankester,rlankester9o@cyberchimps.com,Male
350,Xymenes,Piccard,xpiccard9p@ning.com,Male
351,Pip,Luparti,pluparti9q@deliciousdays.com,Male
352,Aaren,Swinfon,aswinfon9r@state.gov,Female
353,Kean,Langfitt,klangfitt9s@odnoklassniki.ru,Male
354,Marge,Gellately,mgellately9t@elpais.com,Female
355,Reggie,Lipscombe,rlipscombe9u@goo.gl,Male
356,Raymond,Doxey,rdoxey9v@cyberchimps.com,Male
357,Brnaby,Fairbridge,bfairbridge9w@spotify.com,Male
358,Quincy,Wippermann,qwippermann9x@homestead.com,Male
359,Starlin,Pietrowski,spietrowski9y@google.co.jp,Female
360,Mirabelle,Smewin,msmewin9z@chicagotribune.com,Female
361,Con,Kaminski,ckaminskia0@earthlink.net,Male
362,Thain,Martensen,tmartensena1@vkontakte.ru,Non-binary
363,Ellette,Skatcher,eskatchera2@bandcamp.com,Female
364,Editha,Sexten,esextena3@free.fr,Female
365,Alic,McGilleghole,amcgillegholea4@forbes.com,Male
366,Elianora,Ollerton,eollertona5@blogger.com,Female
367,Rab,Buckleigh,rbuckleigha6@psu.edu,Male
368,Gifford,Wilds,gwildsa7@123-reg.co.uk,Male
369,Garrik,Welchman,gwelchmana8@weebly.com,Male
370,Steward,Dadson,sdadsona9@oaic.gov.au,Male
371,Anni,Marking,amarkingaa@1688.com,Female
372,Martin,Guerrazzi,mguerrazziab@ucla.edu,Male
373,Zea,Lipson,zlipsonac@nydailynews.com,Female
374,Aura,Readitt,areadittad@zimbio.com,Female
375,Mikael,Schimpke,mschimpkeae@furl.net,Male
376,Chadd,Rassell,crassellaf@cnn.com,Male
377,Pete,Diffley,pdiffleyag@amazonaws.com,Male
378,Fifine,Casseldine,fcasseldineah@marriott.com,Bigender
379,Wilfred,Redmain,wredmainai@yolasite.com,Male
380,Eba,Hunnicutt,ehunnicuttaj@telegraph.co.uk,Female
381,Marty,Schulter,mschulterak@cnbc.com,Male
382,Ichabod,Casaletto,icasalettoal@oakley.com,Male
383,Trumann,Fochs,tfochsam@bandcamp.com,Male
384,Emmett,Brideau,ebrideauan@1688.com,Male
385,Goddard,Dibben,gdibbenao@nasa.gov,Male
386,Abdul,Farrell,afarrellap@weather.com,Male
387,Boot,Kits,bkitsaq@cafepress.com,Male
388,Gates,Dalbey,gdalbeyar@odnoklassniki.ru,Female
389,Ange,Kennelly,akennellyas@angelfire.com,Male
390,Chrisy,Klos,cklosat@cbslocal.com,Male
391,Frankie,Novotna,fnovotnaau@auda.org.au,Female
392,Dixie,Beardsworth,dbeardsworthav@unc.edu,Female
393,Siana,Discombe,sdiscombeaw@blinklist.com,Female
394,Sinclair,Paroni,sparoniax@themeforest.net,Male
395,Gennie,Karpeev,gkarpeevay@51.la,Female
396,Dean,Goldsmith,dgoldsmithaz@addthis.com,Male
397,Goober,Burnhams,gburnhamsb0@chron.com,Male
398,Beck,Drinkale,bdrinkaleb1@linkedin.com,Male
399,Tansy,Escale,tescaleb2@bluehost.com,Genderqueer
400,Meghann,MacClenan,mmacclenanb3@rambler.ru,Female
401,Clemmie,Mostin,cmostinb4@alexa.com,Female
402,Austin,Smithson,asmithsonb5@soundcloud.com,Female
403,Garik,Moppett,gmoppettb6@blogger.com,Male
404,Julienne,Basindale,jbasindaleb7@weebly.com,Female
405,Yank,Faunch,yfaunchb8@redcross.org,Genderfluid
406,Nikola,Roskell,nroskellb9@merriam-webster.com,Male
407,Wilbert,Lawlings,wlawlingsba@tinypic.com,Male
408,Bartlet,Rustidge,brustidgebb@yolasite.com,Male
409,Gaelan,Aulds,gauldsbc@scribd.com,Male
410,Natal,Mordin,nmordinbd@walmart.com,Male
411,Alayne,Juett,ajuettbe@tinypic.com,Genderqueer
412,Fidelity,Venard,fvenardbf@blogger.com,Female
413,Sherm,Vicent,svicentbg@exblog.jp,Male
414,Debera,Treacy,dtreacybh@chronoengine.com,Female
415,Karlen,Tolussi,ktolussibi@mit.edu,Polygender
416,Friedrick,Bader,fbaderbj@bbc.co.uk,Male
417,Eloisa,Gadaud,egadaudbk@delicious.com,Female
418,Ned,Sauvan,nsauvanbl@hhs.gov,Male
419,Rebeka,Croxley,rcroxleybm@jugem.jp,Female
420,Homer,Poynser,hpoynserbn@buzzfeed.com,Male
421,Alistair,Twizell,atwizellbo@google.nl,Male
422,Hernando,Klesel,hkleselbp@google.com.hk,Male
423,Simonne,Strodder,sstrodderbq@google.it,Female
424,Pet,Rippingall,prippingallbr@virginia.edu,Female
425,Caryl,Hayball,chayballbs@jiathis.com,Female
426,Catriona,Pardue,cparduebt@wufoo.com,Female
427,Thane,Dael,tdaelbu@linkedin.com,Male
428,Zsazsa,Maguire,zmaguirebv@php.net,Female
429,Fabian,Jeune,fjeunebw@nyu.edu,Male
430,Dilan,Betz,dbetzbx@webnode.com,Male
431,Chick,Gillinghams,cgillinghamsby@mozilla.com,Male
432,Carma,Penreth,cpenrethbz@ihg.com,Female
433,Noble,Kopacek,nkopacekc0@ft.com,Male
434,Dareen,Iamittii,diamittiic1@dell.com,Female
435,Glori,Reschke,greschkec2@istockphoto.com,Female
436,Roberta,Mendoza,rmendozac3@ask.com,Female
437,Steffie,Bahlmann,sbahlmannc4@blogger.com,Female
438,Ashil,Kevern,akevernc5@squarespace.com,Female
439,Ingmar,Drance,idrancec6@timesonline.co.uk,Male
440,Frannie,McGuire,fmcguirec7@bigcartel.com,Genderqueer
441,Sophi,Dicey,sdiceyc8@google.de,Female
442,Shayne,D'Ambrogi,sdambrogic9@google.it,Female
443,Marianne,Thexton,mthextonca@booking.com,Female
444,Annamaria,Aynscombe,aaynscombecb@google.nl,Female
445,Julita,Howison,jhowisoncc@dailymail.co.uk,Genderqueer
446,Witty,Skirlin,wskirlincd@people.com.cn,Male
447,Mira,MacIntosh,mmacintoshce@google.es,Female
448,Gavin,Farnsworth,gfarnsworthcf@google.cn,Genderqueer
449,Cyrille,Doerrling,cdoerrlingcg@slate.com,Male
450,Mal,Albion,malbionch@craigslist.org,Male
451,Ilise,Adamek,iadamekci@yelp.com,Female
452,Guendolen,Laughnan,glaughnancj@dedecms.com,Female
453,Nancy,Lloyd-Williams,nlloydwilliamsck@google.de,Female
454,Rachael,Bricknall,rbricknallcl@tinyurl.com,Female
455,Mohandas,Isakson,misaksoncm@google.it,Male
456,Maggy,Ducaen,mducaencn@examiner.com,Agender
457,Jason,Treadaway,jtreadawayco@dailymail.co.uk,Male
458,Parsifal,Noir,pnoircp@google.nl,Male
459,Sayre,Beers,sbeerscq@oakley.com,Female
460,Nick,Zecchinelli,nzecchinellicr@nifty.com,Male
461,Teressa,Agent,tagentcs@icq.com,Female
462,Kynthia,McCabe,kmccabect@weebly.com,Female
463,Lucita,Ravenscraft,lravenscraftcu@hatena.ne.jp,Female
464,Bondie,Klimushev,bklimushevcv@flavors.me,Male
465,Shermy,Aneley,saneleycw@tripod.com,Male
466,Biddie,Cuphus,bcuphuscx@home.pl,Female
467,Romonda,Lowen,rlowency@vk.com,Female
468,Candide,Emma,cemmacz@yandex.ru,Female
469,Burl,Ashforth,bashforthd0@storify.com,Male
470,Adriana,Headland,aheadlandd1@geocities.com,Female
471,Darci,Wallege,dwalleged2@paginegialle.it,Female
472,Daren,McCabe,dmccabed3@livejournal.com,Male
473,Jany,Phizacklea,jphizacklead4@dailymail.co.uk,Female
474,Son,Dunbar,sdunbard5@ibm.com,Male
475,Jaquelyn,Schrei,jschreid6@nih.gov,Female
476,Alena,Argo,aargod7@economist.com,Female
477,Aurie,Stillwell,astillwelld8@homestead.com,Female
478,Merrielle,Weatherup,mweatherupd9@so-net.ne.jp,Female
479,Meredith,Listone,mlistoneda@constantcontact.com,Genderfluid
480,Marja,Heckner,mhecknerdb@addtoany.com,Female
481,Marybelle,Stansfield,mstansfielddc@pagesperso-orange.fr,Female
482,Jacinta,Clelle,jclelledd@berkeley.edu,Female
483,Chelsea,Hurkett,churkettde@utexas.edu,Female
484,Agosto,Kanzler,akanzlerdf@cam.ac.uk,Male
485,Eilis,Mabb,emabbdg@free.fr,Female
486,Arnold,Slevin,aslevindh@wikia.com,Male
487,Lowell,Thying,lthyingdi@domainmarket.com,Male
488,Patty,Razzell,prazzelldj@prlog.org,Female
489,Aleksandr,Vanyashkin,avanyashkindk@prweb.com,Male
490,Madeline,Stearne,mstearnedl@cam.ac.uk,Female
491,Olivero,Motherwell,omotherwelldm@mozilla.com,Male
492,Sheela,Banbrick,sbanbrickdn@weather.com,Female
493,Camel,Kindall,ckindalldo@scribd.com,Female
494,Charlotte,Berger,cbergerdp@hp.com,Female
495,Wilmette,Hartless,whartlessdq@exblog.jp,Female
496,Sawyere,Fenich,sfenichdr@surveymonkey.com,Male
497,Harlie,Bambrugh,hbambrughds@time.com,Female
498,Ewell,Beaten,ebeatendt@ucoz.ru,Male
499,Gerard,Dechelette,gdechelettedu@exblog.jp,Male
500,Wenda,Ramas,wramasdv@blogspot.com,Polygender
501,Konrad,Wyard,kwyarddw@behance.net,Male
502,Kalli,Green,kgreendx@posterous.com,Female
503,Ilsa,Eccles,iecclesdy@shutterfly.com,Female
504,Warde,Tumber,wtumberdz@hc360.com,Male
505,Joni,Shephard,jshepharde0@xinhuanet.com,Female
506,Jennee,Gude,jgudee1@desdev.cn,Female
507,Rozelle,Garrould,rgarroulde2@microsoft.com,Female
508,Brandyn,Henricsson,bhenricssone3@xrea.com,Male
509,Jobey,Bucher,jbuchere4@shutterfly.com,Female
510,Flem,Kearford,fkearforde5@nhs.uk,Male
511,Paton,Norquay,pnorquaye6@comcast.net,Male
512,Gabrielle,Brodway,gbrodwaye7@eepurl.com,Female
513,Moll,Bilbery,mbilberye8@delicious.com,Female
514,Marybeth,Reddan,mreddane9@forbes.com,Female
515,Myles,Iannini,mianniniea@nsw.gov.au,Male
516,Shermie,Alenichicov,salenichicoveb@bizjournals.com,Male
517,Lilyan,Booth,lboothec@constantcontact.com,Female
518,Alexandre,Korneichuk,akorneichuked@ifeng.com,Male
519,Levi,Camplin,lcamplinee@ft.com,Male
520,Thedrick,Pountney,tpountneyef@instagram.com,Male
521,Flory,Biddiss,fbiddisseg@histats.com,Male
522,Berni,Paulson,bpaulsoneh@4shared.com,Female
523,Dicky,Vassar,dvassarei@timesonline.co.uk,Male
524,Remy,Kincla,rkinclaej@e-recht24.de,Female
525,Charisse,Pietri,cpietriek@hhs.gov,Female
526,Rivi,Snalom,rsnalomel@jigsy.com,Female
527,Aland,McKue,amckueem@house.gov,Male
528,Barbara-anne,Dorking,bdorkingen@themeforest.net,Female
529,Lonni,Brownhall,lbrownhalleo@cargocollective.com,Female
530,Lucy,Levane,llevaneep@networkadvertising.org,Female
531,Odella,Winscum,owinscumeq@google.co.uk,Female
532,Ab,Elvey,aelveyer@ucla.edu,Male
533,Lucius,Vanyushin,lvanyushines@umich.edu,Male
534,Duff,Hutley,dhutleyet@ftc.gov,Male
535,Ludovika,Antrim,lantrimeu@usnews.com,Female
536,Christoforo,Ackroyd,cackroydev@go.com,Male
537,Tessa,Moultrie,tmoultrieew@dedecms.com,Female
538,Phyllida,Fowlie,pfowlieex@constantcontact.com,Female
539,Ansel,Moynham,amoynhamey@amazon.com,Male
540,Jilleen,Wille,jwilleez@washingtonpost.com,Female
541,Karlan,Dur,kdurf0@tamu.edu,Male
542,Ame,Corstorphine,acorstorphinef1@jiathis.com,Female
543,Barrett,Gioan,bgioanf2@macromedia.com,Male
544,Fransisco,Bazelle,fbazellef3@topsy.com,Agender
545,Wynnie,Lutwidge,wlutwidgef4@goodreads.com,Female
546,Ambrosio,Carletti,acarlettif5@indiatimes.com,Male
547,Pamelina,Addekin,paddekinf6@fc2.com,Female
548,Barnaby,Pascoe,bpascoef7@globo.com,Male
549,Nata,Balazin,nbalazinf8@kickstarter.com,Female
550,Avis,Hassent,ahassentf9@whitehouse.gov,Polygender
551,Eleni,Cureton,ecuretonfa@nsw.gov.au,Female
552,Jo,Newbery,jnewberyfb@eepurl.com,Male
553,Angelle,Sultana,asultanafc@vinaora.com,Female
554,Madlin,Dellenty,mdellentyfd@blogtalkradio.com,Female
555,Trista,Adamides,tadamidesfe@amazon.co.uk,Agender
556,Meredithe,Swannell,mswannellff@prnewswire.com,Female
557,Jere,Pumfrett,jpumfrettfg@icq.com,Male
558,Jacinthe,Hurle,jhurlefh@xing.com,Female
559,Ellen,Drakeley,edrakeleyfi@mediafire.com,Female
560,Jerrie,Duck,jduckfj@ocn.ne.jp,Female
561,Sherwynd,Roizn,sroiznfk@merriam-webster.com,Bigender
562,Dick,Guilaem,dguilaemfl@mashable.com,Male
563,Oby,Husset,ohussetfm@yelp.com,Male
564,Kath,Cockarill,kcockarillfn@github.com,Female
565,Janessa,Causnett,jcausnettfo@e-recht24.de,Female
566,Gerry,Scarf,gscarffp@ca.gov,Male
567,Roxie,Guyer,rguyerfq@purevolume.com,Female
568,Averil,Gready,agreadyfr@apple.com,Male
569,Antonia,Sessions,asessionsfs@miitbeian.gov.cn,Female
570,Stacy,Russam,srussamft@un.org,Male
571,Edith,Naire,enairefu@nationalgeographic.com,Female
572,Christel,Burree,cburreefv@who.int,Female
573,Judy,Wildman,jwildmanfw@wsj.com,Female
574,Amalee,Twopenny,atwopennyfx@shutterfly.com,Female
575,Forster,Folonin,ffoloninfy@answers.com,Male
576,Borden,Eason,beasonfz@sbwire.com,Male
577,Andrus,Loudiane,aloudianeg0@sohu.com,Male
578,Melisandra,Kann,mkanng1@nifty.com,Female
579,Clemmie,Brew,cbrewg2@google.com.hk,Male
580,Will,Shallo,wshallog3@salon.com,Male
581,Stanislaus,McConway,smcconwayg4@spotify.com,Male
582,Gery,Blease,gbleaseg5@umich.edu,Male
583,Osbert,Danielot,odanielotg6@ask.com,Male
584,Kassi,Goodchild,kgoodchildg7@newyorker.com,Female
585,Evangelia,Poulney,epoulneyg8@prnewswire.com,Female
586,Larissa,Cianni,lciannig9@biblegateway.com,Female
587,Jerad,Staten,jstatenga@last.fm,Male
588,Wiley,Merit,wmeritgb@arizona.edu,Male
589,Rabi,Sylvester,rsylvestergc@ezinearticles.com,Male
590,Vince,Fache,vfachegd@wunderground.com,Male
591,Durante,Seal,dsealge@nsw.gov.au,Male
592,Jeanie,Cutridge,jcutridgegf@cornell.edu,Female
593,Maggy,Martindale,mmartindalegg@ebay.co.uk,Female
594,Dewain,Wyld,dwyldgh@sciencedirect.com,Male
595,Baillie,Munslow,bmunslowgi@1und1.de,Male
596,Brose,Athelstan,bathelstangj@redcross.org,Male
597,Marlin,Cockerham,mcockerhamgk@dmoz.org,Male
598,Salvatore,Clubb,sclubbgl@ft.com,Male
599,Tamera,Plitz,tplitzgm@sbwire.com,Female
600,Auberta,O'Spillane,aospillanegn@purevolume.com,Female
601,Monroe,Maine,mmainego@sphinn.com,Male
602,Tatum,Cumesky,tcumeskygp@senate.gov,Female
603,Becca,Neilands,bneilandsgq@answers.com,Female
604,Kerrin,Holstein,kholsteingr@vistaprint.com,Female
605,Libby,Croux,lcrouxgs@w3.org,Bigender
606,Ulrick,Bahia,ubahiagt@princeton.edu,Male
607,Payton,Biss,pbissgu@hao123.com,Male
608,Austin,Godmer,agodmergv@usgs.gov,Female
609,Nolana,Bolmann,nbolmanngw@1und1.de,Female
610,Thorsten,Lewisham,tlewishamgx@opera.com,Male
611,Cordie,Cheek,ccheekgy@bigcartel.com,Male
612,Fernanda,Matisse,fmatissegz@google.nl,Female
613,Frieda,Baseke,fbasekeh0@walmart.com,Female
614,Noni,Nurdin,nnurdinh1@columbia.edu,Female
615,Samantha,Garza,sgarzah2@upenn.edu,Female
616,Sloan,Parsonson,sparsonsonh3@photobucket.com,Male
617,Vassily,Ridpath,vridpathh4@over-blog.com,Male
618,Barbara-anne,Marlowe,bmarloweh5@spotify.com,Female
619,Lindsay,Dicey,ldiceyh6@usatoday.com,Male
620,Lu,Jedrzej,ljedrzejh7@naver.com,Female
621,Adi,MacIan,amacianh8@sitemeter.com,Genderqueer
622,Carney,Eary,cearyh9@hao123.com,Male
623,Lucky,Coaker,lcoakerha@uol.com.br,Female
624,Tait,McCreadie,tmccreadiehb@sphinn.com,Male
625,Jacklyn,Valadez,jvaladezhc@pcworld.com,Female
626,Trev,Fairebrother,tfairebrotherhd@tiny.cc,Male
627,Harley,Klampk,hklampkhe@storify.com,Male
628,Jonell,Astle,jastlehf@chron.com,Female
629,Roddie,Renyard,rrenyardhg@hao123.com,Male
630,Rodger,Wiffler,rwifflerhh@trellian.com,Male
631,Zorine,Dignan,zdignanhi@mapquest.com,Female
632,Chrysler,Flello,cflellohj@seattletimes.com,Female
633,Beckie,Lines,blineshk@shop-pro.jp,Female
634,Clem,Edmons,cedmonshl@hubpages.com,Male
635,Bernice,Phython,bphythonhm@house.gov,Female
636,Clareta,Cogle,ccoglehn@so-net.ne.jp,Female
637,Brendan,Sewley,bsewleyho@apple.com,Male
638,Dane,Gilks,dgilkshp@mashable.com,Male
639,Sigismondo,Amthor,samthorhq@php.net,Male
640,Gael,Giordano,ggiordanohr@squidoo.com,Female
641,Elinore,McCrann,emccrannhs@aol.com,Female
642,Zaneta,Shoulder,zshoulderht@microsoft.com,Female
643,Gilburt,Corington,gcoringtonhu@theatlantic.com,Polygender
644,Leora,Lepard,llepardhv@cdc.gov,Female
645,Abner,Fendlow,afendlowhw@unblog.fr,Male
646,Rodrique,Arthur,rarthurhx@smh.com.au,Polygender
647,Marj,Orro,morrohy@indiatimes.com,Female
648,Anallise,Southerill,asoutherillhz@ebay.co.uk,Female
649,Clemmy,Nerger,cnergeri0@chicagotribune.com,Female
650,Horatius,Jeays,hjeaysi1@oracle.com,Male
651,Del,Addicott,daddicotti2@japanpost.jp,Female
652,Farlie,Gautrey,fgautreyi3@princeton.edu,Male
653,Terese,Trenbey,ttrenbeyi4@edublogs.org,Female
654,Vaclav,Thomton,vthomtoni5@tuttocitta.it,Male
655,Boy,Kivlin,bkivlini6@mapquest.com,Male
656,Rhea,Francioli,rfranciolii7@dot.gov,Female
657,Inesita,O'Hagan,iohagani8@naver.com,Female
658,Edsel,Wahner,ewahneri9@desdev.cn,Male
659,Paco,Shand,pshandia@mit.edu,Male
660,Dewie,Towle,dtowleib@com.com,Male
661,Penni,McKelvey,pmckelveyic@eepurl.com,Female
662,Lyssa,Imason,limasonid@miitbeian.gov.cn,Female
663,Alberta,Perdue,aperdueie@lycos.com,Female
664,Thaxter,Copsey,tcopseyif@merriam-webster.com,Male
665,Ben,Jenny,bjennyig@china.com.cn,Male
666,Danie,Orford,dorfordih@hc360.com,Male
667,Peggi,Avrahamov,pavrahamovii@bloglines.com,Female
668,Gustav,Zoellner,gzoellnerij@google.fr,Male
669,Jessee,Laste,jlasteik@weather.com,Male
670,Garrick,Melchior,gmelchioril@amazon.co.jp,Male
671,Tobey,Popland,tpoplandim@hugedomains.com,Female
672,Correy,Blose,cblosein@w3.org,Male
673,Rube,Hebson,rhebsonio@seesaa.net,Bigender
674,Fonsie,Sunock,fsunockip@barnesandnoble.com,Male
675,Janek,Shaves,jshavesiq@walmart.com,Male
676,Joanie,Bradie,jbradieir@dmoz.org,Female
677,Zoe,Gerner,zgerneris@omniture.com,Female
678,Silvia,Stock,sstockit@jugem.jp,Female
679,Adler,Redmille,aredmilleiu@people.com.cn,Male
680,Isador,Hawkin,ihawkiniv@bing.com,Male
681,Darrel,Togwell,dtogwelliw@adobe.com,Male
682,Shani,Bleasdale,sbleasdaleix@skype.com,Female
683,Robers,Reck,rreckiy@ihg.com,Male
684,Sallee,MacRierie,smacrierieiz@guardian.co.uk,Female
685,Garek,Lusher,glusherj0@tinyurl.com,Male
686,Vito,Smorfit,vsmorfitj1@eventbrite.com,Male
687,Shermie,Manilove,smanilovej2@washingtonpost.com,Male
688,Stephenie,Neal,snealj3@army.mil,Female
689,Giorgi,Eck,geckj4@google.co.jp,Male
690,Con,Leirmonth,cleirmonthj5@oakley.com,Female
691,Aubrette,Chard,achardj6@facebook.com,Female
692,Finlay,Filyukov,ffilyukovj7@cbc.ca,Male
693,Tracey,Foard,tfoardj8@t.co,Male
694,Rosemary,Ledekker,rledekkerj9@digg.com,Female
695,Randa,Beckenham,rbeckenhamja@mozilla.com,Female
696,Irvin,Asser,iasserjb@nsw.gov.au,Male
697,Harcourt,Truesdale,htruesdalejc@hao123.com,Male
698,Lynn,Gleave,lgleavejd@over-blog.com,Female
699,Conant,Samways,csamwaysje@infoseek.co.jp,Male
700,Sybil,Leglise,sleglisejf@house.gov,Female
701,Crosby,Graddell,cgraddelljg@yellowbook.com,Male
702,Berny,Tedman,btedmanjh@csmonitor.com,Female
703,Brade,Wyldish,bwyldishji@gnu.org,Male
704,Jase,Dorrins,jdorrinsjj@devhub.com,Bigender
705,Kyla,Prangle,kpranglejk@mit.edu,Female
706,Dino,Elfitt,delfittjl@disqus.com,Male
707,Preston,MacAllen,pmacallenjm@imgur.com,Male
708,Arnie,Toombes,atoombesjn@xing.com,Male
709,Bastien,Blore,bblorejo@tumblr.com,Male
710,Wang,Lancastle,wlancastlejp@istockphoto.com,Male
711,Tracey,Delacote,tdelacotejq@adobe.com,Male
712,Dennie,Copner,dcopnerjr@opensource.org,Female
713,Penny,Diplock,pdiplockjs@huffingtonpost.com,Female
714,Glendon,Tremmil,gtremmiljt@skyrock.com,Male
715,Sibylle,Ellerbeck,sellerbeckju@rakuten.co.jp,Female
716,Cissy,Slevin,cslevinjv@umich.edu,Female
717,Malchy,Sherrell,msherrelljw@utexas.edu,Male
718,Bernete,Ketteringham,bketteringhamjx@state.tx.us,Agender
719,Perri,Kidds,pkiddsjy@bloglovin.com,Female
720,Belita,Schaumann,bschaumannjz@latimes.com,Female
721,Mignonne,Veness,mvenessk0@surveymonkey.com,Female
722,Harley,Elkin,helkink1@php.net,Female
723,Nellie,Goodswen,ngoodswenk2@furl.net,Female
724,Marcelle,Fold,mfoldk3@amazon.de,Female
725,Clive,Cobelli,ccobellik4@ovh.net,Male
726,Marie-jeanne,Schuck,mschuckk5@google.pl,Genderfluid
727,Alyse,Ties,atiesk6@ucla.edu,Female
728,Gabi,Girsch,ggirschk7@businessinsider.com,Female
729,Ogdan,Panyer,opanyerk8@pen.io,Male
730,Birch,Faraker,bfarakerk9@stanford.edu,Male
731,Jarad,Pinches,jpincheska@tmall.com,Male
732,Temp,Radcliffe,tradcliffekb@berkeley.edu,Male
733,Laverna,Garbutt,lgarbuttkc@is.gd,Female
734,Jesse,Asquez,jasquezkd@netscape.com,Female
735,Theda,Twitchett,ttwitchettke@ed.gov,Female
736,Robinson,Rubel,rrubelkf@clickbank.net,Male
737,Wilfred,Cheel,wcheelkg@time.com,Genderqueer
738,Cleon,Tingley,ctingleykh@bing.com,Male
739,Denney,MacFaul,dmacfaulki@opera.com,Male
740,Sanders,Minmagh,sminmaghkj@deviantart.com,Genderfluid
741,Reyna,Mellenby,rmellenbykk@parallels.com,Female
742,Alister,Braisher,abraisherkl@upenn.edu,Non-binary
743,Bar,Bawden,bbawdenkm@samsung.com,Male
744,Ashlie,Plampeyn,aplampeynkn@apple.com,Female
745,Torrance,Zanettini,tzanettiniko@usnews.com,Male
746,Fleurette,Foxall,ffoxallkp@ucoz.com,Female
747,Debera,Maxweell,dmaxweellkq@sciencedirect.com,Female
748,Zebedee,Candey,zcandeykr@163.com,Male
749,Claire,Cassella,ccassellaks@xinhuanet.com,Female
750,Carla,Braunle,cbraunlekt@blogs.com,Female
751,Harmonia,Shreve,hshreveku@yahoo.com,Female
752,Damita,Sawdon,dsawdonkv@mysql.com,Female
753,Emyle,Summersby,esummersbykw@etsy.com,Female
754,Rakel,Americi,ramericikx@4shared.com,Female
755,Stepha,Steeden,ssteedenky@utexas.edu,Female
756,Babb,Birts,bbirtskz@intel.com,Female
757,Ilse,Boecke,iboeckel0@phoca.cz,Female
758,Steven,Leavold,sleavoldl1@elegantthemes.com,Male
759,Libby,Tother,ltotherl2@shinystat.com,Female
760,Allegra,Cregeen,acregeenl3@wix.com,Female
761,Tarrance,Gilleon,tgilleonl4@usnews.com,Male
762,Templeton,Snook,tsnookl5@ca.gov,Male
763,Griffy,Possell,gposselll6@exblog.jp,Male
764,Barbaraanne,Traill,btrailll7@sciencedaily.com,Female
765,Jillie,Hurring,jhurringl8@comcast.net,Female
766,Jojo,O' Mulderrig,jomulderrigl9@imdb.com,Female
767,Roberta,Roberto,rrobertola@ezinearticles.com,Female
768,Kalil,Devon,kdevonlb@home.pl,Male
769,Boonie,De Domenicis,bdedomenicislc@webs.com,Male
770,Teodoor,Quenby,tquenbyld@hexun.com,Male
771,Sibylle,Deaves,sdeavesle@sina.com.cn,Genderqueer
772,Kermie,Leishman,kleishmanlf@amazon.co.jp,Male
773,Noble,Arp,narplg@t.co,Non-binary
774,Ralf,Collumbine,rcollumbinelh@cnbc.com,Male
775,Aloin,Fuente,afuenteli@mashable.com,Male
776,Rafaela,Ianno,riannolj@macromedia.com,Female
777,Jacinthe,Chattock,jchattocklk@sina.com.cn,Female
778,Sancho,Basilone,sbasilonell@weather.com,Male
779,Cheston,Phillins,cphillinslm@netscape.com,Male
780,Orv,Gillbanks,ogillbanksln@issuu.com,Male
781,Aurore,Waliszewski,awaliszewskilo@intel.com,Female
782,Florance,Bolgar,fbolgarlp@unblog.fr,Female
783,Otto,Davidovich,odavidovichlq@discuz.net,Male
784,Mitchel,Driscoll,mdriscolllr@hc360.com,Male
785,Talia,Somerset,tsomersetls@ted.com,Female
786,Pauly,Roelofsen,proelofsenlt@mozilla.org,Male
787,Winnie,Simond,wsimondlu@paginegialle.it,Male
788,Jilly,Dymond,jdymondlv@chicagotribune.com,Non-binary
789,Kathrine,Adamik,kadamiklw@thetimes.co.uk,Female
790,Stephan,MacSweeney,smacsweeneylx@bing.com,Male
791,Ruthanne,Demanche,rdemanchely@360.cn,Female
792,Bartolomeo,Domanski,bdomanskilz@bizjournals.com,Male
793,Tybi,Nice,tnicem0@marketwatch.com,Female
794,Jasun,Bockmaster,jbockmasterm1@sitemeter.com,Male
795,Pandora,Baigent,pbaigentm2@howstuffworks.com,Female
796,Joby,Tuffley,jtuffleym3@ask.com,Female
797,Bev,Spykins,bspykinsm4@blogspot.com,Female
798,Marga,Kuzemka,mkuzemkam5@un.org,Female
799,Deane,Partener,dpartenerm6@ehow.com,Male
800,Bren,Asker,baskerm7@google.com.hk,Female
801,Vladimir,Hitscher,vhitscherm8@msu.edu,Male
802,Kennie,Santora,ksantoram9@comsenz.com,Male
803,Waverley,Crombleholme,wcrombleholmema@simplemachines.org,Male
804,Clemmie,Tromans,ctromansmb@dyndns.org,Female
805,Jeanine,Grabham,jgrabhammc@xinhuanet.com,Female
806,Sher,Gentsch,sgentschmd@nyu.edu,Female
807,Quint,Sheldrick,qsheldrickme@comcast.net,Male
808,Sapphira,Zanazzi,szanazzimf@mashable.com,Female
809,Domini,Peetermann,dpeetermannmg@dion.ne.jp,Female
810,Yorker,Jindacek,yjindacekmh@geocities.jp,Male
811,Clarke,Jeff,cjeffmi@xrea.com,Genderfluid
812,Rivi,Milby,rmilbymj@cnet.com,Female
813,Earle,Shufflebotham,eshufflebothammk@newsvine.com,Male
814,Connor,Izchaki,cizchakiml@archive.org,Male
815,Hermia,Golding,hgoldingmm@youtu.be,Female
816,Jana,Dukesbury,jdukesburymn@bigcartel.com,Female
817,Patrica,Royan,proyanmo@sohu.com,Female
818,Sherlocke,Wetherill,swetherillmp@timesonline.co.uk,Male
819,Arlen,Webb-Bowen,awebbbowenmq@liveinternet.ru,Male
820,Adlai,Swinnerton,aswinnertonmr@wunderground.com,Male
821,Babs,Siveter,bsiveterms@cdbaby.com,Female
822,Travis,Maine,tmainemt@ucsd.edu,Male
823,Dorolice,Kliesl,dklieslmu@deviantart.com,Female
824,Levy,Shortin,lshortinmv@census.gov,Male
825,Ced,Dance,cdancemw@taobao.com,Male
826,Andrew,Gile,agilemx@independent.co.uk,Male
827,Fran,Reyes,freyesmy@blog.com,Male
828,Margette,Helian,mhelianmz@angelfire.com,Non-binary
829,Flori,Haly,fhalyn0@wufoo.com,Female
830,Ode,Forsdicke,oforsdicken1@usda.gov,Male
831,Selina,Grishagin,sgrishaginn2@usgs.gov,Female
832,Axe,Gokes,agokesn3@umich.edu,Male
833,Winny,Sabathier,wsabathiern4@mozilla.com,Male
834,Sigfried,Cartmael,scartmaeln5@prlog.org,Male
835,Dame,Chrispin,dchrispinn6@newyorker.com,Male
836,Ethelin,Vivash,evivashn7@over-blog.com,Female
837,Maurene,Hanvey,mhanveyn8@ning.com,Female
838,Bronson,Goodsell,bgoodselln9@t.co,Agender
839,Tedd,Tattam,ttattamna@networkadvertising.org,Male
840,Wolfy,Mcettrick,wmcettricknb@ask.com,Male
841,Lucia,Sailor,lsailornc@istockphoto.com,Female
842,Augy,Revington,arevingtonnd@cdbaby.com,Male
843,Bertina,Pree,bpreene@umich.edu,Female
844,Francoise,Doonican,fdoonicannf@topsy.com,Agender
845,Deni,Napton,dnaptonng@php.net,Female
846,Shawnee,Pirrone,spirronenh@123-reg.co.uk,Female
847,Selena,Buscombe,sbuscombeni@addthis.com,Female
848,Anabel,Rayman,araymannj@npr.org,Female
849,Granville,Gemlbett,ggemlbettnk@youtube.com,Male
850,Wilek,Whiffen,wwhiffennl@mozilla.com,Male
851,Ripley,Brafield,rbrafieldnm@engadget.com,Male
852,La verne,Saltmarsh,lsaltmarshnn@si.edu,Genderqueer
853,Inga,Pickthorne,ipickthorneno@ihg.com,Female
854,Mathian,Thomelin,mthomelinnp@sitemeter.com,Male
855,Laural,Brecknock,lbrecknocknq@hostgator.com,Female
856,Asa,Whatford,awhatfordnr@google.de,Male
857,Bord,Chalkly,bchalklyns@europa.eu,Male
858,Alessandra,Hembery,ahemberynt@economist.com,Female
859,Madalyn,Smithend,msmithendnu@usgs.gov,Female
860,Ody,Dymocke,odymockenv@abc.net.au,Male
861,Ingmar,Bircher,ibirchernw@posterous.com,Male
862,Wynne,Astridge,wastridgenx@imdb.com,Female
863,Maxy,Astle,mastleny@networkadvertising.org,Male
864,Llywellyn,Potapczuk,lpotapczuknz@smh.com.au,Agender
865,Louie,Poulsum,lpoulsumo0@pbs.org,Male
866,Desmond,Bovaird,dbovairdo1@chronoengine.com,Male
867,Nevile,Buncher,nbunchero2@alibaba.com,Male
868,Gwendolin,O'Duane,goduaneo3@pagesperso-orange.fr,Polygender
869,Turner,Sivil,tsivilo4@1688.com,Male
870,Marwin,Galle,mgalleo5@php.net,Male
871,Laura,Lillgard,llillgardo6@fastcompany.com,Female
872,Raul,Dikes,rdikeso7@tamu.edu,Male
873,Kincaid,Bessey,kbesseyo8@sciencedaily.com,Male
874,Charla,Gilbank,cgilbanko9@blogs.com,Female
875,Wynne,LLelweln,wllelwelnoa@epa.gov,Female
876,Terence,Blundan,tblundanob@ucoz.com,Male
877,Eadmund,Chattoe,echattoeoc@slate.com,Non-binary
878,Kellyann,Scanlon,kscanlonod@dyndns.org,Female
879,Edyth,Gouge,egougeoe@theguardian.com,Female
880,Tabbie,Schutte,tschutteof@thetimes.co.uk,Male
881,Chrisse,Graveston,cgravestonog@fotki.com,Male
882,Pen,Jorgesen,pjorgesenoh@marketwatch.com,Female
883,Bank,Burkart,bburkartoi@ox.ac.uk,Male
884,Kimbell,Baistow,kbaistowoj@skyrock.com,Male
885,Karon,Chidlow,kchidlowok@slideshare.net,Genderfluid
886,Brnaby,Hayen,bhayenol@so-net.ne.jp,Male
887,Land,Conigsby,lconigsbyom@ihg.com,Male
888,Hazlett,Habbin,hhabbinon@nyu.edu,Male
889,Davidde,Lascell,dlascelloo@illinois.edu,Male
890,Silvie,Veel,sveelop@telegraph.co.uk,Female
891,Cullie,Cahillane,ccahillaneoq@miitbeian.gov.cn,Male
892,Guinna,Kinnier,gkinnieror@npr.org,Female
893,Milli,Antecki,manteckios@eventbrite.com,Female
894,Brigid,Frostdick,bfrostdickot@latimes.com,Female
895,Abigale,Ferriby,aferribyou@craigslist.org,Female
896,Niven,Bleackly,nbleacklyov@storify.com,Male
897,Polly,Quest,pquestow@canalblog.com,Female
898,Leslie,Keenor,lkeenorox@scientificamerican.com,Female
899,Leeland,Koppke,lkoppkeoy@xinhuanet.com,Male
900,Jo,Labbati,jlabbatioz@gmpg.org,Female
901,Emmy,McAnalley,emcanalleyp0@ucoz.com,Male
902,Skyler,Corradi,scorradip1@nba.com,Male
903,Dmitri,Probbing,dprobbingp2@nymag.com,Male
904,Gwennie,Utterson,guttersonp3@mysql.com,Female
905,Katine,Whotton,kwhottonp4@youtu.be,Female
906,Lewiss,Carnell,lcarnellp5@slashdot.org,Male
907,Carter,Downgate,cdowngatep6@feedburner.com,Male
908,Haleigh,Gresser,hgresserp7@privacy.gov.au,Male
909,Chrystal,Sesons,csesonsp8@arstechnica.com,Female
910,Lew,Croix,lcroixp9@icio.us,Male
911,Horace,Blofeld,hblofeldpa@cnet.com,Male
912,Kenneth,Bewlie,kbewliepb@howstuffworks.com,Male
913,Turner,Irwin,tirwinpc@paginegialle.it,Male
914,Marjie,Trehearn,mtrehearnpd@is.gd,Female
915,Lyssa,Ronald,lronaldpe@booking.com,Female
916,Trever,Arro,tarropf@mozilla.com,Male
917,Armin,O'Scannill,aoscannillpg@zdnet.com,Male
918,Rex,Benedite,rbenediteph@eepurl.com,Male
919,Odo,Corradini,ocorradinipi@lulu.com,Non-binary
920,Talbert,Tuberfield,ttuberfieldpj@slate.com,Male
921,Gualterio,McCowan,gmccowanpk@chronoengine.com,Male
922,Baxy,Swyer-Sexey,bswyersexeypl@ocn.ne.jp,Male
923,Rahel,Rosser,rrosserpm@joomla.org,Female
924,Constantino,Swiers,cswierspn@nytimes.com,Male
925,Al,Colbran,acolbranpo@yelp.com,Male
926,Chrisse,Ramshay,cramshaypp@abc.net.au,Male
927,Benoite,Eichmann,beichmannpq@hao123.com,Female
928,Callean,Grossman,cgrossmanpr@g.co,Male
929,Whit,Denys,wdenysps@360.cn,Male
930,Adolpho,Ensten,aenstenpt@friendfeed.com,Male
931,Ursula,Campanelle,ucampanellepu@state.tx.us,Female
932,Franky,Kitcat,fkitcatpv@jugem.jp,Male
933,Brock,Deering,bdeeringpw@mapy.cz,Male
934,Timothy,Loynes,tloynespx@cpanel.net,Male
935,Lilla,Playfair,lplayfairpy@yale.edu,Female
936,Tammara,de Keep,tdekeeppz@1und1.de,Female
937,Gram,Hackford,ghackfordq0@ovh.net,Male
938,Isabeau,Burghall,iburghallq1@fastcompany.com,Bigender
939,Prisca,Lyptrade,plyptradeq2@163.com,Female
940,Stanislaw,Ramshay,sramshayq3@angelfire.com,Male
941,Emelyne,Dovermann,edovermannq4@narod.ru,Female
942,Fabe,Clinnick,fclinnickq5@webmd.com,Male
943,Tammie,Berick,tberickq6@people.com.cn,Male
944,Ivie,Skidmore,iskidmoreq7@japanpost.jp,Female
945,Fanchon,Petrowsky,fpetrowskyq8@ucla.edu,Female
946,Tera,Trematick,ttrematickq9@webs.com,Female
947,Ambrosi,Luigi,aluigiqa@princeton.edu,Male
948,Doug,McPhillips,dmcphillipsqb@com.com,Non-binary
949,Ross,Rizzardi,rrizzardiqc@springer.com,Male
950,Frederick,Stobo,fstoboqd@tripadvisor.com,Male
951,Welsh,Moralee,wmoraleeqe@github.com,Male
952,Hogan,Rosi,hrosiqf@wikia.com,Male
953,Teresita,Laterza,tlaterzaqg@merriam-webster.com,Female
954,Sarene,Fellis,sfellisqh@scientificamerican.com,Female
955,Garnet,Kleinhaut,gkleinhautqi@vk.com,Female
956,Miranda,Wylam,mwylamqj@yolasite.com,Female
957,Nerita,Soule,nsouleqk@microsoft.com,Female
958,Viola,Casseldine,vcasseldineql@tuttocitta.it,Female
959,Koenraad,Dawltrey,kdawltreyqm@joomla.org,Male
960,Barb,Fellon,bfellonqn@naver.com,Bigender
961,Carl,Parsons,cparsonsqo@cocolog-nifty.com,Male
962,Sheelagh,Ducker,sduckerqp@merriam-webster.com,Female
963,Torry,Pitceathly,tpitceathlyqq@mapy.cz,Male
964,Sacha,Kingcote,skingcoteqr@vimeo.com,Female
965,Darcie,Shegog,dshegogqs@so-net.ne.jp,Female
966,Patricio,Maryon,pmaryonqt@miibeian.gov.cn,Male
967,Dacie,Stockdale,dstockdalequ@washingtonpost.com,Polygender
968,Georgena,Softley,gsoftleyqv@shutterfly.com,Female
969,Albert,Guitton,aguittonqw@fastcompany.com,Polygender
970,Misha,Jurzyk,mjurzykqx@java.com,Female
971,Adam,MacCaig,amaccaigqy@paypal.com,Male
972,Marlon,Frears,mfrearsqz@163.com,Male
973,Thekla,Hearl,thearlr0@shop-pro.jp,Female
974,Elset,Denidge,edenidger1@edublogs.org,Female
975,Emmalee,Zuppa,ezuppar2@deviantart.com,Female
976,Ebony,Fellow,efellowr3@home.pl,Female
977,Joey,Costan,jcostanr4@goodreads.com,Male
978,Ursulina,Gaddas,ugaddasr5@webmd.com,Female
979,Claus,Tanguy,ctanguyr6@hud.gov,Male
980,Jeannine,Blucher,jblucherr7@marriott.com,Female
981,Cristal,Kennerknecht,ckennerknechtr8@paypal.com,Female
982,Fanechka,Howen,fhowenr9@nba.com,Female
983,Brandi,Farmloe,bfarmloera@cnbc.com,Female
984,Aurilia,Dalyell,adalyellrb@disqus.com,Polygender
985,Marijo,Seyfart,mseyfartrc@tamu.edu,Female
986,Lauralee,Kohnert,lkohnertrd@earthlink.net,Female
987,Corbie,Heine,cheinere@newsvine.com,Male
988,Gerick,Dobinson,gdobinsonrf@google.cn,Genderfluid
989,Nathan,Franks,nfranksrg@myspace.com,Male
990,Ingrim,Jinks,ijinksrh@xinhuanet.com,Male
991,Morrie,Rosenhaupt,mrosenhauptri@netlog.com,Male
992,Royce,Fairclough,rfaircloughrj@blogspot.com,Male
993,Fayre,Grayston,fgraystonrk@histats.com,Female
994,Maisey,Haller,mhallerrl@discuz.net,Female
995,Winna,Shiril,wshirilrm@lycos.com,Female
996,Belita,Canby,bcanbyrn@printfriendly.com,Female
997,Tarah,Hebborn,thebbornro@hibu.com,Female
998,Jordan,Castellone,jcastellonerp@sphinn.com,Male
999,Rhett,Titterrell,rtitterrellrq@instagram.com,Male
1000,Derick,Skittrell,dskittrellrr@google.de,Male
