student_id,first_name,last_name,email,done_sports,cgpa,credits_taken,address
693068,Llywellyn,Harce,lharce0@wikispaces.com,false,0.07,136,Room 1527
267586,Dasi,Huff,dhuff1@comsenz.com,false,7.71,128,Room 1945
744318,Riley,Baulk,rbaulk2@privacy.gov.au,false,3.43,95,5th Floor
025780,Ody,McLugaish,omclugaish3@blogs.com,true,2.83,129,Apt 1546
106136,Raffaello,Heber,rheber4@yellowbook.com,true,0.35,105,Room 1849
385839,Antin,Clementson,aclementson5@sun.com,true,2.04,98,Apt 268
121247,Micheal,Cometti,mcometti6@google.fr,false,2.77,123,Suite 50
202797,Rubin,Mizzen,rmizzen7@foxnews.com,false,4.01,67,8th Floor
838026,Corey,Dobbing,cdobbing8@i2i.jp,true,0.57,93,14th Floor
371765,Hugibert,Timms,htimms9@rakuten.co.jp,true,3.55,86,Apt 1890
423707,Susette,Bridgwood,sbridgwooda@auda.org.au,true,3.43,146,Suite 79
550073,Harmon,Fears,hfearsb@discovery.com,true,3.09,1,PO Box 36176
808209,Bamby,Duffin,bduffinc@pbs.org,true,1.31,125,Apt 930
115382,Minor,Scown,mscownd@mlb.com,true,3.42,84,PO Box 78905
887644,Malina,Mollindinia,mmollindiniae@tripadvisor.com,true,5.64,136,Apt 313
926807,Luciana,Threlfall,lthrelfallf@dmoz.org,true,8.1,34,PO Box 70392
757171,Lindy,Mulrooney,lmulrooneyg@simplemachines.org,true,0.9,123,Room 871
283622,Justin,LLelweln,jllelwelnh@barnesandnoble.com,false,1.8,98,PO Box 43581
641333,Dugald,Tribbeck,dtribbecki@cnbc.com,false,0.96,83,PO Box 89685
608914,Salomi,Marmon,smarmonj@google.ca,true,1.77,124,PO Box 43757
759409,Leigh,Gleadle,lgleadlek@cbsnews.com,true,3.35,111,12th Floor
589986,Verney,Whyard,vwhyardl@lycos.com,true,4.87,58,12th Floor
447868,Cacilie,Ayre,cayrem@wufoo.com,true,8.94,50,PO Box 54046
143600,Meredeth,Elsay,melsayn@businesswire.com,true,4.14,99,PO Box 53695
149018,Jaquith,Coumbe,jcoumbeo@omniture.com,true,0.43,12,Room 1166
580777,Zacharias,Fenix,zfenixp@blog.com,false,3.39,74,Suite 64
102579,Theadora,Swinford,tswinfordq@gov.uk,false,6.79,0,Apt 1297
016084,Kelsy,Dillamore,kdillamorer@house.gov,false,7.18,137,PO Box 58625
732522,Eddie,Saville,esavilles@fastcompany.com,false,9.69,15,Room 1594
063389,Ashia,Bartholomew,abartholomewt@4shared.com,true,5.87,108,Suite 52
614250,Junina,Belsey,jbelseyu@unc.edu,true,2.71,12,Apt 819
329711,Nolan,Revey,nreveyv@disqus.com,false,1.1,86,Apt 1607
352639,Bay,Redwing,bredwingw@illinois.edu,false,5.85,5,Room 1754
452855,Westbrook,Pitson,wpitsonx@hibu.com,false,9.11,125,PO Box 40183
621530,Brunhilda,Ambler,bamblery@vistaprint.com,false,6.26,61,Apt 441
078098,Frederico,Bloxland,fbloxlandz@goo.gl,false,4.53,13,PO Box 7406
640303,Harald,Regus,hregus10@1und1.de,true,3.52,20,Room 1468
117912,Evangelia,Colcomb,ecolcomb11@github.com,false,0.61,35,PO Box 39536
480487,Brandise,Smuth,bsmuth12@infoseek.co.jp,false,8.73,21,18th Floor
957493,Rodrique,Watmore,rwatmore13@icio.us,false,9.3,75,Apt 1446
674988,Jori,Egglestone,jegglestone14@fastcompany.com,true,8.21,54,Apt 34
533789,Katherina,Broinlich,kbroinlich15@psu.edu,false,0.66,135,PO Box 68830
956200,Margit,Shedd,mshedd16@ca.gov,true,8.09,45,Apt 218
316037,Mellisent,Sommerling,msommerling17@mac.com,false,3.89,22,Apt 167
993703,Sharyl,Busk,sbusk18@upenn.edu,false,7.36,29,Room 488
887650,Constanta,Inseal,cinseal19@liveinternet.ru,false,7.87,110,Suite 11
280788,Aeriell,Benterman,abenterman1a@telegraph.co.uk,true,7.04,139,Suite 53
736933,Mel,Savine,msavine1b@icq.com,true,4.76,69,Apt 454
635616,Ula,Gowrie,ugowrie1c@oracle.com,false,0.43,40,PO Box 15727
006216,Jenni,Joiner,jjoiner1d@blogspot.com,true,4.58,1,Suite 38
701284,Nikaniki,Wookey,nwookey1e@surveymonkey.com,false,9.6,39,Room 702
586974,Mareah,Bruster,mbruster1f@reference.com,false,0.4,11,PO Box 5581
056370,Etty,Borthram,eborthram1g@statcounter.com,false,7.8,120,Suite 31
690465,Emera,Harold,eharold1h@merriam-webster.com,true,7.66,69,18th Floor
488642,Constantia,Pere,cpere1i@goo.gl,true,0.42,57,Suite 43
243958,Rudiger,Tedstone,rtedstone1j@com.com,true,9.01,2,6th Floor
830416,Dominik,Boldock,dboldock1k@theguardian.com,true,9.75,50,Suite 57
602899,Jena,Tocque,jtocque1l@google.nl,false,3.47,55,Suite 48
940361,Verna,Dyke,vdyke1m@chron.com,false,7.66,111,Suite 10
624073,Ford,Ricciardiello,fricciardiello1n@lycos.com,false,3.67,11,20th Floor
567781,Clay,Casseldine,ccasseldine1o@biglobe.ne.jp,true,1.62,56,18th Floor
702271,Willamina,Steventon,wsteventon1p@chicagotribune.com,true,8.66,112,Suite 53
835817,Harriott,Snaith,hsnaith1q@adobe.com,false,3.37,89,Apt 1697
029684,Kendrick,Chidley,kchidley1r@purevolume.com,true,0.11,121,11th Floor
224697,Lexis,Woolbrook,lwoolbrook1s@ed.gov,false,0.79,58,15th Floor
664425,Geoff,Ovesen,govesen1t@ustream.tv,false,4.07,113,PO Box 24763
603230,Florina,Quick,fquick1u@elpais.com,true,5.87,27,Room 355
302374,Skipper,Wimms,swimms1v@miitbeian.gov.cn,true,9.86,144,PO Box 5754
246216,Farly,Cubley,fcubley1w@nationalgeographic.com,true,3.93,131,Suite 31
625885,Dulcine,Mallan,dmallan1x@sfgate.com,false,9.42,125,Room 994
753884,Leia,Scarre,lscarre1y@eepurl.com,true,0.69,45,Suite 23
253556,Dorie,Sammars,dsammars1z@psu.edu,false,4.26,120,PO Box 97169
405247,Olav,Roff,oroff20@nsw.gov.au,false,4.36,140,14th Floor
816177,Conni,Conachie,cconachie21@sina.com.cn,true,0.45,55,Suite 40
081175,Risa,Maleck,rmaleck22@foxnews.com,false,6.22,68,PO Box 27524
971078,Leighton,Sultan,lsultan23@reuters.com,false,7.51,40,Suite 62
302389,Randal,Roche,rroche24@naver.com,true,2.7,36,Apt 1110
315323,Ignace,Froggatt,ifroggatt25@clickbank.net,true,1.78,6,PO Box 77547
298452,Ephrayim,Estoile,eestoile26@nymag.com,false,0.74,59,Room 1990
250203,Trude,Diego,tdiego27@tiny.cc,false,8.36,113,Suite 12
623768,Ardenia,Sjostrom,asjostrom28@toplist.cz,false,0.03,125,PO Box 20089
477679,Jodee,Milmo,jmilmo29@newyorker.com,false,8.77,58,Suite 30
909013,Kim,Woodcroft,kwoodcroft2a@businesswire.com,true,8.55,12,20th Floor
027241,Coletta,Pierucci,cpierucci2b@uiuc.edu,false,4.23,43,12th Floor
489421,Othello,Atter,oatter2c@cafepress.com,false,4.79,64,10th Floor
690817,Marika,Kerridge,mkerridge2d@seattletimes.com,false,2.16,20,11th Floor
054614,Stanwood,Hards,shards2e@163.com,false,2.8,71,9th Floor
119881,Shelly,Kleisel,skleisel2f@hc360.com,false,7.27,119,PO Box 17430
005235,Barri,Ellsbury,bellsbury2g@marriott.com,false,2.7,28,Suite 2
341827,Nananne,Fazackerley,nfazackerley2h@hubpages.com,true,5.7,53,11th Floor
725941,Clemence,Vaszoly,cvaszoly2i@printfriendly.com,true,8.84,67,13th Floor
356856,Darryl,Pigrome,dpigrome2j@altervista.org,false,6.62,93,Room 891
087282,Nada,Spirritt,nspirritt2k@yahoo.com,false,6.71,26,13th Floor
695772,Bobinette,Burkinshaw,bburkinshaw2l@si.edu,true,8.22,80,Apt 1680
028323,Niko,Poulter,npoulter2m@linkedin.com,false,4.72,89,PO Box 60169
782937,Karole,Dongate,kdongate2n@e-recht24.de,false,0.13,6,Suite 97
419621,Phillipe,Lohering,plohering2o@jiathis.com,false,9.08,89,Apt 1266
109536,Elysha,Skelhorn,eskelhorn2p@usnews.com,true,1.86,99,Apt 906
258070,Erin,Careless,ecareless2q@odnoklassniki.ru,true,8.82,6,Apt 1238
935887,Matilda,Anscombe,manscombe2r@guardian.co.uk,true,0.36,143,PO Box 7174
753006,Corey,Pyrke,cpyrke2s@booking.com,false,3.24,75,6th Floor
683872,Emmerich,Hearne,ehearne2t@shop-pro.jp,false,5.08,3,Apt 410
534675,Sheffield,Freear,sfreear2u@xing.com,true,7.63,16,Apt 477
492529,Coral,Steptowe,csteptowe2v@youtu.be,false,5.09,71,3rd Floor
886224,Emalee,Capener,ecapener2w@t-online.de,true,0.17,8,PO Box 26293
663249,Simonette,Wyeth,swyeth2x@ftc.gov,false,7.7,98,Apt 1315
260872,Beverlee,Rue,brue2y@cbc.ca,true,9.2,19,Apt 1798
280989,Robby,Haime,rhaime2z@nymag.com,false,0.67,65,Room 382
883948,Alanah,Fussie,afussie30@cbsnews.com,true,4.34,145,PO Box 44379
017961,Norina,Load,nload31@joomla.org,true,1.21,85,PO Box 94071
555519,Conny,Debnam,cdebnam32@phpbb.com,false,9.55,82,Room 868
411971,Fania,Cheale,fcheale33@marketwatch.com,true,0.99,133,PO Box 2010
041163,Paddy,Giacobbo,pgiacobbo34@webeden.co.uk,false,1.9,95,Suite 3
253686,Tami,Carletti,tcarletti35@nih.gov,false,4.5,102,8th Floor
627327,Mike,Eads,meads36@163.com,false,6.16,75,Room 480
118382,Kinnie,Woollons,kwoollons37@phoca.cz,false,2.98,104,PO Box 99363
687991,Mame,Kinchin,mkinchin38@qq.com,true,6.35,35,16th Floor
454557,Ashton,Crowcher,acrowcher39@howstuffworks.com,false,5.81,3,PO Box 68759
061506,Karylin,Richardet,krichardet3a@issuu.com,false,0.2,93,PO Box 25244
163587,Earvin,Steagall,esteagall3b@rakuten.co.jp,false,6.0,124,Apt 360
669575,Dix,MacAlpyne,dmacalpyne3c@hhs.gov,true,4.83,86,7th Floor
227386,Hetti,Warren,hwarren3d@oaic.gov.au,false,3.75,83,Room 503
153202,Claudie,Kidstoun,ckidstoun3e@ucoz.ru,false,4.55,15,Suite 40
229825,Devin,Wisbey,dwisbey3f@admin.ch,false,4.21,86,Suite 53
954526,Duncan,Jonczyk,djonczyk3g@stumbleupon.com,true,9.65,8,PO Box 91895
963709,Stevena,Cobelli,scobelli3h@seattletimes.com,true,5.91,144,13th Floor
804370,Garv,Gilligan,ggilligan3i@businessinsider.com,false,6.99,124,Apt 1571
909562,Orson,Elleton,oelleton3j@ocn.ne.jp,true,2.39,2,Apt 378
294337,Wilie,Catteroll,wcatteroll3k@who.int,true,5.79,49,Suite 55
623349,Trace,Antoniottii,tantoniottii3l@pcworld.com,false,6.16,68,PO Box 59439
216361,Leanora,Kiossel,lkiossel3m@bloglines.com,false,5.07,150,Suite 66
291018,Seymour,Monkley,smonkley3n@washingtonpost.com,false,5.06,116,Suite 13
966403,Polly,Sundin,psundin3o@furl.net,true,9.3,81,Apt 1168
601390,Garland,Fanthome,gfanthome3p@cnn.com,true,7.92,63,PO Box 55399
242411,Padraic,Luffman,pluffman3q@spotify.com,false,1.25,66,PO Box 89820
562346,Bertie,Charity,bcharity3r@prlog.org,false,7.82,9,Room 1519
319646,Nike,Andrini,nandrini3s@dropbox.com,true,4.95,10,Room 764
810094,Minna,Ivers,mivers3t@engadget.com,false,7.05,15,Suite 99
749896,Anetta,Graalman,agraalman3u@wix.com,false,6.75,9,PO Box 41843
783617,Georgette,Brotherhead,gbrotherhead3v@icio.us,false,0.56,106,Room 87
526286,Roz,Pledge,rpledge3w@tripadvisor.com,true,3.14,131,Suite 90
394556,Rhea,Rodenborch,rrodenborch3x@indiatimes.com,false,0.01,132,Apt 113
712371,Nev,Christescu,nchristescu3y@mac.com,false,1.15,120,Suite 47
428109,Riane,Britner,rbritner3z@umn.edu,false,1.98,6,7th Floor
600422,Jade,Dingwall,jdingwall40@youku.com,false,3.9,25,Room 1582
312074,Noe,Middle,nmiddle41@t.co,true,3.63,133,Suite 3
619559,Noel,Peppard,npeppard42@baidu.com,true,0.79,125,Suite 97
185558,Haley,Winterbotham,hwinterbotham43@github.io,true,0.14,143,PO Box 95733
044584,Orelle,Hovell,ohovell44@flavors.me,false,1.59,7,12th Floor
881737,Dicky,Yerrall,dyerrall45@netlog.com,true,7.81,72,Room 1052
067874,Charmion,Maseyk,cmaseyk46@webs.com,true,6.59,131,Room 365
619093,Janessa,Brinicombe,jbrinicombe47@dyndns.org,true,3.12,4,Room 1171
349460,Filip,Milbourne,fmilbourne48@tripod.com,false,7.2,81,PO Box 4813
555604,Jennee,Ainscow,jainscow49@techcrunch.com,false,6.24,16,2nd Floor
410868,Quentin,Matussov,qmatussov4a@list-manage.com,true,9.23,128,Suite 89
971011,Fionnula,Grinyer,fgrinyer4b@sogou.com,false,3.77,98,Suite 12
722081,Larisa,Gladdish,lgladdish4c@dedecms.com,true,0.97,52,Room 960
281360,Dylan,Werner,dwerner4d@photobucket.com,true,1.0,54,PO Box 19605
014021,Rebecka,Hacquoil,rhacquoil4e@bizjournals.com,false,8.81,30,Suite 80
152575,Patrizia,Stickells,pstickells4f@latimes.com,false,5.45,25,Room 1594
790118,Kristoforo,Keeltagh,kkeeltagh4g@senate.gov,true,5.12,137,Room 1142
982335,Clywd,Penna,cpenna4h@skyrock.com,false,7.91,65,Room 439
777432,Somerset,Braga,sbraga4i@creativecommons.org,false,3.44,55,Apt 1377
762386,Kelci,Dempster,kdempster4j@infoseek.co.jp,false,7.39,86,15th Floor
669150,Maitilde,Onthank,monthank4k@ask.com,true,4.02,149,PO Box 14005
473688,Christen,Kohter,ckohter4l@sciencedirect.com,true,7.57,25,Apt 1477
419683,Elmira,Guilaem,eguilaem4m@mapy.cz,true,1.9,95,19th Floor
473431,Ursa,Braun,ubraun4n@aboutads.info,true,8.86,15,17th Floor
168242,Tyne,Purdey,tpurdey4o@google.com.au,true,8.77,141,Apt 847
286987,Caryl,Choppen,cchoppen4p@squarespace.com,true,1.82,131,Apt 1026
688029,Quinn,Mewrcik,qmewrcik4q@europa.eu,true,8.22,61,Suite 42
725965,Dulcia,Brockest,dbrockest4r@weather.com,false,5.06,150,5th Floor
506640,Allianora,Murr,amurr4s@feedburner.com,false,6.98,19,Apt 5
116961,Winn,Propper,wpropper4t@edublogs.org,false,7.7,61,6th Floor
824836,Paulie,Sherratt,psherratt4u@msu.edu,false,3.57,4,Suite 33
533281,Newton,Donaho,ndonaho4v@webnode.com,true,0.93,59,Suite 97
852139,Aldrich,Valentin,avalentin4w@weather.com,true,1.83,82,Apt 454
271549,Briant,Bricham,bbricham4x@arstechnica.com,true,1.96,137,Apt 1189
996595,Daisey,Durn,ddurn4y@washington.edu,false,9.16,22,PO Box 57048
355300,Marijo,Bray,mbray4z@china.com.cn,false,6.2,68,Room 1285
434907,Burg,Hiscocks,bhiscocks50@chicagotribune.com,true,1.11,75,Suite 35
327964,Jaquith,MacConchie,jmacconchie51@123-reg.co.uk,false,4.38,61,PO Box 31576
570786,Sybilla,Tinklin,stinklin52@imgur.com,true,1.46,137,Apt 1987
078155,Elyssa,Presslee,epresslee53@cmu.edu,false,1.04,9,Apt 1685
074736,Barney,Kingcote,bkingcote54@disqus.com,false,0.26,145,Suite 92
956186,Jameson,Clementi,jclementi55@google.com.br,false,6.61,52,Room 855
070585,Walsh,Thorrold,wthorrold56@state.gov,false,8.95,48,Apt 1929
752165,Ainslie,Stede,astede57@tinyurl.com,false,9.44,59,Suite 44
502068,Keelby,Mouncher,kmouncher58@bizjournals.com,true,5.12,20,PO Box 19449
606779,Emlen,Aleshintsev,ealeshintsev59@walmart.com,true,5.04,122,Apt 1352
237186,Sibeal,Shearn,sshearn5a@economist.com,true,1.03,123,Suite 35
339330,Sayer,Worsall,sworsall5b@cbc.ca,true,5.93,44,Room 1576
231409,Blondell,Vince,bvince5c@ehow.com,true,2.72,135,3rd Floor
009972,Randy,Dimmick,rdimmick5d@si.edu,true,0.31,40,Suite 78
292565,Adolf,Iorns,aiorns5e@google.com,true,5.98,102,Room 1918
598010,Camella,Relton,crelton5f@squidoo.com,false,7.62,79,PO Box 31680
050201,Hubert,Kurtis,hkurtis5g@a8.net,false,1.56,120,6th Floor
153295,Griffith,Crick,gcrick5h@liveinternet.ru,true,9.68,45,PO Box 13269
484055,Bobbe,Dunmuir,bdunmuir5i@seattletimes.com,true,9.83,44,Room 264
305518,Tallulah,Tackes,ttackes5j@tamu.edu,false,4.15,36,Suite 67
799128,Derrick,Pateman,dpateman5k@google.nl,false,4.34,94,Suite 83
838339,Nicolis,Matschke,nmatschke5l@nationalgeographic.com,true,6.11,121,PO Box 49123
548825,Merralee,Ferenc,mferenc5m@hp.com,false,1.88,118,Room 1532
560865,Calla,Flament,cflament5n@nifty.com,true,8.55,116,Room 1237
767555,Otha,Muttock,omuttock5o@apple.com,true,5.98,38,Suite 2
056661,Granny,Tomkiss,gtomkiss5p@ca.gov,false,3.28,36,PO Box 25977
995466,Chelsae,Carpmile,ccarpmile5q@noaa.gov,true,5.15,92,PO Box 34011
690449,Gaelan,Stennard,gstennard5r@cloudflare.com,true,3.13,139,11th Floor
900774,Claybourne,Hoovart,choovart5s@dropbox.com,true,9.24,130,Apt 604
929344,Cosme,Scholte,cscholte5t@fastcompany.com,true,6.46,132,Apt 1393
303346,Esmaria,Dowdam,edowdam5u@mapy.cz,false,2.35,15,Apt 1487
207684,Kelly,Garforth,kgarforth5v@unblog.fr,false,8.1,4,Room 684
813723,Valentine,Duffree,vduffree5w@google.co.uk,false,9.62,23,14th Floor
289396,Sadye,Odcroft,sodcroft5x@ycombinator.com,true,1.4,71,Suite 83
041476,Marven,Dyte,mdyte5y@oakley.com,false,9.6,133,Suite 8
908342,Andra,Daveley,adaveley5z@ask.com,false,1.68,74,Room 398
920433,Lynnelle,Plett,lplett60@goo.gl,true,2.45,131,Room 219
623226,Luella,Alliott,lalliott61@foxnews.com,false,1.17,140,4th Floor
628928,Garner,Ciobutaru,gciobutaru62@icio.us,true,6.91,107,PO Box 27227
530134,Melony,Kasbye,mkasbye63@berkeley.edu,false,6.58,53,Room 165
181994,Paulette,Domegan,pdomegan64@jugem.jp,true,8.86,98,Apt 1836
674051,Andre,Ashington,aashington65@twitpic.com,false,6.56,4,Suite 77
204286,Tonye,Snookes,tsnookes66@163.com,false,4.92,68,Room 1943
548336,Harri,Strain,hstrain67@thetimes.co.uk,true,8.9,12,7th Floor
758572,Byrle,Tremmil,btremmil68@abc.net.au,true,0.46,38,Suite 98
613894,Bevan,Thomasen,bthomasen69@latimes.com,false,0.42,79,Apt 1047
741045,Stacee,Freeman,sfreeman6a@google.com.hk,true,9.42,87,PO Box 80806
081072,Bridie,Avann,bavann6b@kickstarter.com,true,2.17,80,Suite 16
691555,Billye,Parriss,bparriss6c@github.com,true,5.47,101,PO Box 68276
408605,Walden,Hooke,whooke6d@wufoo.com,true,7.25,72,Suite 98
424431,Ruby,Tuffin,rtuffin6e@about.com,true,7.11,11,14th Floor
346034,Ashlin,Hinsch,ahinsch6f@timesonline.co.uk,false,1.56,107,Room 1511
560248,Christal,Fominov,cfominov6g@aol.com,true,7.06,139,Suite 62
358762,Jone,Jiggle,jjiggle6h@tinypic.com,false,5.41,60,4th Floor
878161,Fina,Etherington,fetherington6i@yelp.com,true,1.22,92,Suite 17
676689,Cahra,Dabernott,cdabernott6j@gmpg.org,true,9.86,52,PO Box 71587
408589,Kellby,Magister,kmagister6k@google.cn,false,1.02,8,PO Box 73235
897185,Luciano,Peskett,lpeskett6l@com.com,false,3.57,85,Room 1247
594000,Rainer,Larwell,rlarwell6m@microsoft.com,true,8.22,57,Suite 99
856836,Wittie,Child,wchild6n@purevolume.com,false,5.25,120,Suite 66
448165,Maxie,Dollard,mdollard6o@imdb.com,false,6.92,93,Suite 47
812016,Auroora,Grice,agrice6p@amazonaws.com,false,5.27,51,Suite 42
191601,Yank,Sline,ysline6q@furl.net,true,9.65,73,Apt 112
143644,Shelley,Bathersby,sbathersby6r@phpbb.com,false,2.89,43,PO Box 48598
740916,Cyndi,Springford,cspringford6s@4shared.com,true,6.45,13,7th Floor
135402,Brett,Maw,bmaw6t@google.ru,false,3.17,76,16th Floor
639340,Antonia,Mix,amix6u@google.fr,false,6.03,52,Apt 425
426389,Sidney,Lapere,slapere6v@angelfire.com,true,8.3,117,PO Box 66125
405882,Lodovico,Edwardes,ledwardes6w@google.com.hk,false,3.19,33,PO Box 67048
284783,Maddie,MacRonald,mmacronald6x@ameblo.jp,false,9.02,108,Suite 71
558627,Billy,Bruniges,bbruniges6y@arizona.edu,true,8.03,22,16th Floor
555814,Dody,Gaddesby,dgaddesby6z@chron.com,true,7.11,137,Room 1858
082363,Gardie,Grinnov,ggrinnov70@state.tx.us,true,5.54,78,Apt 1450
691116,Fernanda,Windram,fwindram71@mayoclinic.com,true,5.25,120,Apt 1067
903075,Kerwinn,Trevorrow,ktrevorrow72@typepad.com,true,5.76,103,PO Box 85848
141564,Joli,Bedwell,jbedwell73@cmu.edu,false,8.59,58,Apt 199
159294,Bren,Daldan,bdaldan74@narod.ru,false,0.2,148,Apt 1320
428516,Gigi,Ethersey,gethersey75@redcross.org,true,8.79,121,Suite 92
373454,Lee,Swinburne,lswinburne76@goo.ne.jp,true,7.57,97,Apt 1979
851279,Norine,Haddick,nhaddick77@people.com.cn,true,3.56,144,Suite 100
058914,Hyman,Harniman,hharniman78@sakura.ne.jp,false,2.35,122,Room 1244
826264,Rafe,Hurton,rhurton79@washingtonpost.com,false,6.67,59,Suite 92
370090,Ferrell,Matzke,fmatzke7a@dedecms.com,false,3.75,67,Suite 4
155042,Claude,Beavington,cbeavington7b@jigsy.com,true,3.7,137,Apt 871
553880,Evelin,Fitzsymonds,efitzsymonds7c@fotki.com,false,6.31,149,Suite 78
290332,Floyd,Mosedale,fmosedale7d@icq.com,false,6.15,83,9th Floor
566328,Jacquenetta,Runnicles,jrunnicles7e@arstechnica.com,false,6.86,104,Room 582
515096,Ernesto,Harrinson,eharrinson7f@phpbb.com,true,6.35,127,PO Box 18722
982953,Anya,Bolzen,abolzen7g@edublogs.org,true,2.1,132,16th Floor
801337,Blinny,Jillett,bjillett7h@cbsnews.com,true,3.8,126,Apt 1780
446891,Rod,Jendrys,rjendrys7i@cornell.edu,false,8.11,104,Apt 1954
154754,Odelia,Meni,omeni7j@simplemachines.org,false,7.08,109,Apt 186
451911,Morrie,Keightley,mkeightley7k@xrea.com,true,0.42,99,Suite 8
254522,Edna,Swaby,eswaby7l@xrea.com,true,6.72,52,2nd Floor
526436,Morrie,Broadfoot,mbroadfoot7m@oakley.com,false,5.92,88,Suite 38
103415,Gerrard,Worgen,gworgen7n@tmall.com,false,6.77,88,Room 1312
269002,Russell,Kettlestring,rkettlestring7o@state.gov,true,9.44,53,Room 28
145080,Brockie,Knee,bknee7p@mozilla.org,true,8.71,116,Room 682
005939,Felipe,Petrazzi,fpetrazzi7q@posterous.com,true,1.82,114,Room 853
403440,Rozina,Sange,rsange7r@mozilla.org,true,9.93,27,Suite 13
503904,Kristoffer,McGinly,kmcginly7s@ted.com,false,3.29,42,19th Floor
854682,Zack,Bowes,zbowes7t@google.co.uk,false,6.9,81,Room 904
907470,Kincaid,Hought,khought7u@amazonaws.com,false,3.27,130,Apt 1664
531387,Judye,Sellen,jsellen7v@businesswire.com,false,4.83,51,Suite 96
315284,April,Pauli,apauli7w@businessinsider.com,false,2.75,84,Suite 33
665981,Vilhelmina,Oakes,voakes7x@live.com,false,1.04,20,Room 492
278027,Cassandra,Clarkson,cclarkson7y@yandex.ru,true,1.9,116,Suite 14
868710,Arabella,Gilbart,agilbart7z@mapquest.com,false,9.62,107,17th Floor
102632,Stavro,Skillett,sskillett80@fastcompany.com,true,0.02,127,9th Floor
662145,Phedra,Frigot,pfrigot81@amazon.co.uk,true,1.34,114,Suite 54
922813,Mikel,Kittman,mkittman82@aboutads.info,true,5.7,60,Suite 28
251430,Malachi,Drinnan,mdrinnan83@jigsy.com,true,2.68,17,Suite 11
967567,Lanette,Wattisham,lwattisham84@opensource.org,true,2.73,114,PO Box 68648
996761,Berte,Alfonsini,balfonsini85@craigslist.org,false,7.65,145,8th Floor
980052,Bibi,Sandle,bsandle86@myspace.com,true,1.76,6,Apt 529
798084,Evangelin,Lemoir,elemoir87@slate.com,true,6.08,35,7th Floor
575405,Bartlet,Bowton,bbowton88@sourceforge.net,false,3.19,10,PO Box 89185
862252,Rianon,Bertomeu,rbertomeu89@auda.org.au,false,9.14,106,Apt 1813
479810,Ginnifer,Barbrick,gbarbrick8a@comsenz.com,true,2.04,60,Room 54
398093,Birgit,Peaple,bpeaple8b@com.com,false,0.32,64,Suite 28
603019,Maggy,Downage,mdownage8c@oakley.com,false,5.25,12,PO Box 26049
023033,Inessa,Wield,iwield8d@zimbio.com,false,8.37,11,Suite 11
927028,Hebert,Jakubovsky,hjakubovsky8e@nbcnews.com,false,6.02,116,Suite 49
448117,Nevins,Kamen,nkamen8f@jugem.jp,false,4.17,126,Room 296
624212,Basile,Parlett,bparlett8g@sitemeter.com,false,6.01,146,Room 79
225626,Kerry,Verrill,kverrill8h@twitter.com,true,5.69,37,Room 1950
975028,Odessa,Singers,osingers8i@youku.com,true,9.94,1,Apt 1547
592502,Modesta,Scimonelli,mscimonelli8j@google.ca,true,8.46,26,Suite 83
147183,Blair,Caulder,bcaulder8k@army.mil,false,3.53,17,Room 1954
871833,Selestina,Follit,sfollit8l@phoca.cz,false,4.81,86,PO Box 34723
238109,Wallache,Gowdy,wgowdy8m@dot.gov,true,5.07,106,Suite 8
654871,Yolande,Laverock,ylaverock8n@live.com,false,9.55,82,13th Floor
006238,Frances,Vesco,fvesco8o@usatoday.com,true,5.83,134,Room 147
232091,Raul,Tidder,rtidder8p@skyrock.com,true,3.85,87,PO Box 89642
940842,Matti,Sayward,msayward8q@who.int,false,9.75,37,20th Floor
741056,Corly,Whetson,cwhetson8r@pagesperso-orange.fr,false,0.86,64,PO Box 94973
385678,Constance,Gonthard,cgonthard8s@ocn.ne.jp,true,8.93,7,Apt 1921
731413,Dennis,De Winton,ddewinton8t@facebook.com,false,7.14,129,Apt 622
404673,Carmita,Kundt,ckundt8u@admin.ch,false,9.75,43,14th Floor
467906,Selma,Collyear,scollyear8v@epa.gov,false,6.93,48,Room 1528
139477,Fairlie,Semonin,fsemonin8w@barnesandnoble.com,false,1.29,22,Suite 71
259719,Cinderella,Wibrew,cwibrew8x@tinyurl.com,true,8.01,104,Room 769
526776,Juana,Bonnesen,jbonnesen8y@java.com,false,5.59,35,PO Box 64308
195342,Worthington,Garthland,wgarthland8z@usnews.com,false,2.61,124,PO Box 73259
153633,Miranda,Vasin,mvasin90@ocn.ne.jp,true,0.49,104,Room 1796
839824,Carling,Rubica,crubica91@nydailynews.com,true,2.76,100,12th Floor
261851,Renae,Majury,rmajury92@google.cn,true,1.62,119,Room 1528
761802,Maynord,Rowbury,mrowbury93@cisco.com,false,5.32,140,Apt 626
202821,Rica,Archibald,rarchibald94@domainmarket.com,true,9.35,4,13th Floor
603653,Ollie,Saltwell,osaltwell95@comcast.net,false,0.84,135,PO Box 37515
171382,Ferrell,Buney,fbuney96@vistaprint.com,true,0.91,53,2nd Floor
227616,Juliann,Keddy,jkeddy97@businessweek.com,true,5.3,79,Apt 1869
812875,Gratia,Cossor,gcossor98@nytimes.com,true,3.46,9,11th Floor
445478,Aloisia,Bass,abass99@hp.com,true,6.25,137,Suite 10
977675,Gery,Luddy,gluddy9a@xinhuanet.com,true,8.3,34,Room 226
538447,Chev,Van Geffen,cvangeffen9b@unicef.org,false,5.88,58,PO Box 84717
733235,Karney,Wrench,kwrench9c@reverbnation.com,false,8.57,149,Suite 83
402617,Frederique,Brooker,fbrooker9d@wikia.com,true,8.45,128,Suite 58
536712,Virginie,Richings,vrichings9e@mapquest.com,false,4.74,13,Apt 1012
825426,Halley,Zorzenoni,hzorzenoni9f@businessinsider.com,true,6.69,22,4th Floor
930323,Lottie,Codling,lcodling9g@unc.edu,true,4.48,52,Suite 70
123572,Karla,Purdon,kpurdon9h@imdb.com,false,6.48,124,PO Box 72195
058290,Clara,Hugill,chugill9i@indiegogo.com,false,6.03,63,PO Box 1529
503167,Zaneta,O'Haire,zohaire9j@creativecommons.org,false,8.5,112,18th Floor
741135,Delia,Hallagan,dhallagan9k@diigo.com,true,6.32,5,3rd Floor
956902,Mady,Herley,mherley9l@ameblo.jp,true,2.55,73,Suite 61
311482,Dolorita,Orts,dorts9m@addtoany.com,false,1.55,96,Apt 1591
484349,Whitney,Divine,wdivine9n@google.pl,true,5.54,39,Suite 96
028193,Kristofer,Chestnutt,kchestnutt9o@msu.edu,false,5.23,17,Apt 513
011543,Connor,Southern,csouthern9p@nydailynews.com,false,5.96,101,PO Box 68688
152530,Boone,Pengelley,bpengelley9q@irs.gov,true,5.53,87,PO Box 54246
761721,Teddy,Stanlack,tstanlack9r@dedecms.com,true,2.21,2,Apt 1556
586015,Evelina,Shepard,eshepard9s@dailymotion.com,true,9.8,65,PO Box 46662
580598,Eustacia,Julyan,ejulyan9t@icq.com,true,6.95,117,Suite 93
200177,Sydel,Stratley,sstratley9u@indiatimes.com,false,8.6,129,Suite 63
376218,Ava,Sargeant,asargeant9v@vkontakte.ru,false,9.34,1,Room 707
742102,Alistair,Castiglio,acastiglio9w@dailymotion.com,true,2.32,50,Suite 20
692589,Tye,Colmer,tcolmer9x@usa.gov,true,2.24,11,Room 1798
376351,Adda,Garrelts,agarrelts9y@google.nl,false,9.04,148,Room 1129
199106,Leonelle,Jerrems,ljerrems9z@artisteer.com,false,1.21,130,Apt 1990
524695,Anjanette,Brydson,abrydsona0@pagesperso-orange.fr,true,2.46,132,Suite 71
731038,Mame,Bouts,mboutsa1@utexas.edu,true,4.54,114,8th Floor
997647,Gilberto,Paffot,gpaffota2@europa.eu,false,7.37,89,PO Box 52367
771980,Hirsch,Last,hlasta3@freewebs.com,true,2.01,130,Apt 1023
330123,Hyacinthia,Brendel,hbrendela4@icio.us,false,5.57,141,PO Box 68777
340874,Murray,Brodie,mbrodiea5@networksolutions.com,true,5.87,105,Apt 952
810721,Benjy,Nitti,bnittia6@mapquest.com,false,0.52,44,Apt 1396
899962,Schuyler,Shelvey,sshelveya7@vinaora.com,true,7.31,103,PO Box 61212
796614,Linnie,Scalera,lscaleraa8@newyorker.com,false,3.24,101,PO Box 70750
878510,Nikolaos,Kirkbride,nkirkbridea9@booking.com,true,8.91,41,Apt 1894
658703,Finlay,McCumskay,fmccumskayaa@surveymonkey.com,false,4.02,23,PO Box 82200
347064,Alis,Duff,aduffab@berkeley.edu,true,4.97,119,5th Floor
441889,Aluin,Esseby,aessebyac@github.com,true,1.58,107,Suite 58
294134,Rickie,Nutting,rnuttingad@cpanel.net,false,8.7,68,Apt 1245
276943,Haily,Bignall,hbignallae@mysql.com,true,5.44,71,15th Floor
410414,Broddie,Luesley,bluesleyaf@omniture.com,true,3.83,149,Suite 73
082293,Giordano,Longhi,glonghiag@cbsnews.com,false,2.56,58,Suite 57
729704,Heindrick,Jendrassik,hjendrassikah@flickr.com,false,2.78,81,Apt 1793
868177,Biron,Pierri,bpierriai@examiner.com,false,2.93,127,Suite 64
990134,Rosalynd,Yearne,ryearneaj@usda.gov,false,6.27,92,Room 1074
581519,Michal,Recke,mreckeak@ucoz.ru,true,4.47,15,Room 1831
735213,Krystalle,Goforth,kgoforthal@icq.com,true,3.75,6,Apt 145
895066,Paulie,Domeny,pdomenyam@miitbeian.gov.cn,false,9.28,78,15th Floor
641485,Charlotte,Kingescot,ckingescotan@mysql.com,false,5.48,52,PO Box 51671
544649,Corbie,Lamminam,clamminamao@theatlantic.com,false,0.97,79,PO Box 72406
741977,Thurstan,Robinett,trobinettap@dropbox.com,true,2.0,122,Room 1897
406576,Salvador,Porkiss,sporkissaq@canalblog.com,true,2.15,65,Room 1261
356684,Fremont,Duester,fduesterar@reference.com,false,4.36,35,Suite 90
082104,Lonni,Scintsbury,lscintsburyas@posterous.com,true,0.74,19,Room 1991
771849,Leodora,Marritt,lmarrittat@addthis.com,false,7.34,63,PO Box 32812
564947,Wendall,Meeks,wmeeksau@nbcnews.com,true,4.8,68,Apt 86
015370,Austin,De Ferrari,adeferrariav@mlb.com,true,9.24,28,Room 1364
888790,Geoffrey,Fideler,gfideleraw@wp.com,false,6.89,120,PO Box 8733
446634,Denver,Mc Comb,dmccombax@foxnews.com,true,6.42,91,Suite 58
971041,Stavro,Housley,shousleyay@amazon.de,true,7.2,10,Apt 1643
161425,Guendolen,Carnie,gcarnieaz@people.com.cn,false,7.49,118,Room 1738
579077,Banky,Debenham,bdebenhamb0@cnbc.com,false,0.59,15,PO Box 6847
613608,Murvyn,Bengtson,mbengtsonb1@free.fr,true,6.8,49,Room 1287
717339,Corabel,Noah,cnoahb2@stumbleupon.com,false,5.41,21,Room 1578
226281,Kelvin,Dallinder,kdallinderb3@utexas.edu,false,0.35,41,PO Box 20308
530483,Angy,Penk,apenkb4@1und1.de,true,5.56,46,Apt 804
057347,Dayna,Durning,ddurningb5@google.com.br,true,1.36,149,Suite 63
520776,Tibold,Cummins,tcumminsb6@e-recht24.de,false,0.81,45,Suite 78
071665,Catha,Readie,creadieb7@cornell.edu,true,6.07,100,PO Box 1356
472068,Elysee,Menichi,emenichib8@netlog.com,false,9.89,125,PO Box 29230
693412,Ambur,Stuttard,astuttardb9@ebay.com,true,0.29,65,PO Box 7815
737019,Enos,Gopsall,egopsallba@feedburner.com,false,4.12,115,Room 1794
249660,Falkner,O' Liddy,foliddybb@ebay.com,false,8.7,106,Room 603
714351,Shawnee,Stiegars,sstiegarsbc@hhs.gov,true,2.28,116,Room 1057
270524,Benny,Foy,bfoybd@addthis.com,true,2.41,42,Suite 48
198530,Georgina,Bisson,gbissonbe@xing.com,false,8.94,27,20th Floor
325932,Jannel,Harmeston,jharmestonbf@gnu.org,true,1.46,131,PO Box 18789
477044,Nester,Cutridge,ncutridgebg@ucoz.ru,false,2.23,110,PO Box 57505
003846,Anett,Dorr,adorrbh@springer.com,true,7.26,30,Room 1590
059875,Shurwood,Cherrett,scherrettbi@qq.com,false,1.97,145,Apt 846
292463,Dulcy,Surmeyers,dsurmeyersbj@irs.gov,true,2.89,75,Apt 607
036805,Kelwin,Harvatt,kharvattbk@wired.com,false,3.58,54,Suite 46
896563,Bili,Hewertson,bhewertsonbl@ifeng.com,false,1.03,134,PO Box 34072
770194,Mersey,Gardener,mgardenerbm@vimeo.com,true,7.66,59,PO Box 98300
856020,Pauletta,Joly,pjolybn@creativecommons.org,true,1.87,20,Room 1518
890067,Gusella,Findon,gfindonbo@hugedomains.com,false,9.7,12,17th Floor
721408,Timmi,Garratty,tgarrattybp@woothemes.com,true,1.69,107,PO Box 7282
250427,Petey,Riep,priepbq@comsenz.com,true,0.92,5,Apt 1437
724986,Monti,Denziloe,mdenziloebr@mac.com,true,4.64,92,Suite 8
521844,Duffy,Belliard,dbelliardbs@theglobeandmail.com,false,6.47,118,Apt 751
698763,Rowan,Gautrey,rgautreybt@wikipedia.org,true,0.74,52,PO Box 9071
597321,Dick,Geroldo,dgeroldobu@scribd.com,true,5.34,121,Apt 1968
251107,Esme,Took,etookbv@comsenz.com,false,3.49,94,Apt 1102
140341,Barrie,Thody,bthodybw@comcast.net,false,4.34,18,Suite 84
469992,Karrah,Glandfield,kglandfieldbx@apple.com,true,9.97,106,Room 340
186578,Sadie,O'Glessane,soglessaneby@github.com,false,7.65,66,Room 888
870285,Kendell,Mallia,kmalliabz@fc2.com,false,5.27,19,Room 1018
399593,Jarib,Pietrusiak,jpietrusiakc0@sfgate.com,true,2.17,42,PO Box 63137
360811,Dylan,Casseldine,dcasseldinec1@google.fr,false,4.2,142,6th Floor
095539,Rosina,Moyles,rmoylesc2@reuters.com,false,9.3,147,Room 604
495549,Camala,Huffer,chufferc3@unicef.org,true,0.21,5,Suite 87
252125,Benedick,Bazoge,bbazogec4@etsy.com,true,6.69,72,PO Box 235
801917,Renaud,Kolushev,rkolushevc5@paginegialle.it,false,8.41,51,Apt 84
071894,Charmine,Dowdam,cdowdamc6@spiegel.de,true,9.37,65,PO Box 98525
251102,Kim,Jagels,kjagelsc7@baidu.com,true,3.7,30,Suite 56
253010,Elena,Ilyas,eilyasc8@bloomberg.com,true,3.44,16,2nd Floor
271503,Henderson,Varley,hvarleyc9@go.com,false,7.01,84,Apt 40
301751,Gibbie,Hastelow,ghastelowca@toplist.cz,false,4.97,140,PO Box 44485
847875,Rikki,Blackston,rblackstoncb@phpbb.com,true,9.83,115,Suite 6
263390,Delphine,Sara,dsaracc@ocn.ne.jp,true,1.2,61,PO Box 37971
518107,Mace,Bearcroft,mbearcroftcd@typepad.com,false,7.0,94,Suite 68
629318,Evie,Glasson,eglassonce@virginia.edu,true,9.85,137,11th Floor
003109,Karil,Strong,kstrongcf@yolasite.com,false,9.17,114,Room 1476
168092,Lana,Maggi,lmaggicg@google.com.au,false,4.16,139,13th Floor
677691,Herrick,Drinnan,hdrinnanch@tinyurl.com,false,9.43,19,Room 1720
876605,Saunderson,Kaemena,skaemenaci@slashdot.org,true,9.49,63,Apt 1684
134590,Herbert,Wordsworth,hwordsworthcj@livejournal.com,false,3.0,3,Room 1086
227561,Dewey,Pinhorn,dpinhornck@xing.com,false,6.31,36,Apt 1487
022075,Rogers,Mengo,rmengocl@mtv.com,false,3.4,10,PO Box 17737
983313,Noble,Flacke,nflackecm@barnesandnoble.com,true,2.83,25,Room 948
478864,Clerissa,Vinter,cvintercn@mapquest.com,false,5.73,60,Room 1014
690526,Hollis,Pauwel,hpauwelco@lulu.com,true,6.63,119,Room 1085
788191,Ola,Brounfield,obrounfieldcp@zdnet.com,false,2.24,24,Room 1924
178307,Winthrop,Sallows,wsallowscq@xing.com,false,6.1,69,Apt 1294
233909,Glynis,Giovanni,ggiovannicr@army.mil,true,5.31,108,Apt 363
235174,Cristobal,Longmuir,clongmuircs@mit.edu,false,1.44,60,Room 1109
112491,Margarethe,Fennessy,mfennessyct@diigo.com,true,7.57,24,Room 1637
413414,Bren,Aubury,bauburycu@vistaprint.com,true,0.03,81,PO Box 46692
933255,Ulysses,Ramble,uramblecv@youku.com,false,4.8,113,Suite 97
500479,Aldus,MacInnes,amacinnescw@bloglines.com,false,6.3,65,Suite 61
002187,Cecil,Orknay,corknaycx@sourceforge.net,false,5.89,50,Suite 79
465378,Lilly,Griswood,lgriswoodcy@sbwire.com,false,4.06,116,20th Floor
119073,Camile,Poulsum,cpoulsumcz@weebly.com,true,2.0,51,Room 476
197525,Freddie,Fritzer,ffritzerd0@amazon.co.jp,false,5.1,125,PO Box 68291
324068,Gram,Jefferd,gjefferdd1@indiegogo.com,true,3.05,17,PO Box 34071
121125,Mack,Golborne,mgolborned2@slate.com,true,1.22,94,Room 1924
731387,Lauree,Kalinsky,lkalinskyd3@instagram.com,false,0.68,147,PO Box 19705
069484,Cordell,Sallowaye,csallowayed4@is.gd,false,2.87,98,Suite 60
963912,Garrik,Cawthra,gcawthrad5@cpanel.net,false,5.59,105,PO Box 44316
571327,Dollie,Lattka,dlattkad6@intel.com,false,1.26,89,Room 1976
742539,Tiffanie,Nussen,tnussend7@omniture.com,true,4.28,145,5th Floor
304129,Chico,Ionn,cionnd8@jalbum.net,true,9.44,4,Apt 1788
656775,Jilleen,Mardall,jmardalld9@abc.net.au,false,9.76,124,Suite 62
937632,Jordain,Huyghe,jhuygheda@bravesites.com,true,9.02,26,PO Box 34606
478943,Lisa,Crocetto,lcrocettodb@discuz.net,true,9.55,96,Room 664
220527,Ulrich,Maciejewski,umaciejewskidc@tinypic.com,false,0.93,104,PO Box 615
586670,Lucky,Kingcott,lkingcottdd@unblog.fr,true,3.14,143,Apt 599
086540,Garald,Terram,gterramde@parallels.com,false,3.38,76,Suite 82
351756,Fiann,Ovenden,fovendendf@symantec.com,true,5.62,32,Room 1830
940083,Robyn,Teissier,rteissierdg@myspace.com,false,0.66,115,Suite 73
360786,Ericha,Gitsham,egitshamdh@xinhuanet.com,true,7.33,148,Apt 264
606208,Trever,Cazereau,tcazereaudi@friendfeed.com,true,5.99,27,Room 368
365044,Esme,Vanshin,evanshindj@t.co,true,9.81,144,Suite 25
200666,Gilly,Buckett,gbuckettdk@yellowbook.com,true,3.66,20,Room 1451
413102,Mora,Chatten,mchattendl@msn.com,true,6.48,51,Room 443
945306,Barret,Le febre,blefebredm@dion.ne.jp,false,7.35,13,14th Floor
848293,Ermanno,Connachan,econnachandn@biblegateway.com,true,1.89,63,Room 974
202132,Sonni,Durdan,sdurdando@skyrock.com,false,8.49,81,PO Box 81423
052932,Davide,Clemendot,dclemendotdp@diigo.com,false,5.59,100,3rd Floor
717260,Cordie,Morton,cmortondq@yolasite.com,true,2.5,20,PO Box 93045
370366,Rafael,Kilvington,rkilvingtondr@digg.com,true,6.4,38,Room 1158
641240,Krispin,Abbate,kabbateds@yellowbook.com,true,2.08,125,19th Floor
106574,Lanae,Bursnell,lbursnelldt@mayoclinic.com,true,8.46,33,PO Box 11304
321457,Ephrayim,Schall,eschalldu@sun.com,true,0.01,143,Apt 238
915471,Batholomew,Bordiss,bbordissdv@buzzfeed.com,false,3.2,95,Room 833
228787,Bambie,Walkden,bwalkdendw@ihg.com,true,5.93,27,PO Box 38422
593984,Evvie,Enrietto,eenriettodx@youku.com,false,9.84,73,8th Floor
173026,Lorinda,Muldownie,lmuldowniedy@kickstarter.com,true,0.8,139,Apt 1566
636351,Evy,Brunroth,ebrunrothdz@zimbio.com,false,4.31,85,1st Floor
216861,Frannie,Flieg,ffliege0@stumbleupon.com,false,0.03,98,Apt 44
802400,Wanids,Cashin,wcashine1@kickstarter.com,true,3.14,94,Suite 5
022352,Humberto,Gettings,hgettingse2@tumblr.com,false,9.43,12,Suite 70
572937,Odette,Braisher,obraishere3@ebay.com,true,7.33,8,Apt 764
548510,Peirce,Coo,pcooe4@theguardian.com,true,6.14,93,Room 1794
895438,Tadd,Jeff,tjeffe5@hibu.com,false,0.99,40,8th Floor
975388,Charleen,Verdie,cverdiee6@google.nl,false,1.4,59,Suite 97
792360,Lanny,Jickells,ljickellse7@cnbc.com,true,8.24,21,Room 212
973477,Christophe,Vannuccinii,cvannucciniie8@google.it,true,9.38,18,10th Floor
817953,Barth,Howsley,bhowsleye9@cdc.gov,false,1.64,129,PO Box 64349
337998,Maris,Knevit,mknevitea@eventbrite.com,false,4.08,8,Suite 6
533082,Daisy,Oakinfold,doakinfoldeb@examiner.com,true,3.01,21,Apt 1989
544094,Bessie,Barhims,bbarhimsec@comcast.net,true,7.16,119,Apt 803
554032,Pris,Ewbanck,pewbancked@vkontakte.ru,true,8.75,76,PO Box 20688
945968,Drona,Rabley,drableyee@t-online.de,false,8.87,141,Suite 5
517436,Langsdon,Gai,lgaief@blogs.com,true,9.35,106,Apt 845
650249,Hermie,Brockwell,hbrockwelleg@jimdo.com,true,0.8,4,Room 1869
850773,Kathrine,Klimek,kklimekeh@macromedia.com,false,9.81,14,Suite 49
494446,Christel,Quesne,cquesneei@imageshack.us,true,5.61,5,Room 1825
372858,Talya,Ballaam,tballaamej@bigcartel.com,false,3.64,79,Suite 37
020859,Alphonso,Visco,aviscoek@comsenz.com,false,0.28,24,Suite 87
354713,Issi,Firminger,ifirmingerel@smugmug.com,true,1.58,118,11th Floor
191536,Hillery,Canby,hcanbyem@moonfruit.com,false,0.14,74,4th Floor
873923,Aliza,Emerson,aemersonen@rakuten.co.jp,true,4.55,29,9th Floor
430855,Mikol,Creasey,mcreaseyeo@tiny.cc,true,2.19,39,Suite 17
434828,Deanna,Skaif,dskaifep@google.ca,true,9.22,17,PO Box 27728
407848,Kris,Durham,kdurhameq@ftc.gov,false,1.3,49,Room 187
580381,Dallon,Abramin,dabraminer@ovh.net,false,3.72,144,PO Box 86723
801138,Shandeigh,Maskrey,smaskreyes@europa.eu,false,6.48,116,Suite 48
724841,Cosetta,O'Dyvoie,codyvoieet@bbc.co.uk,false,7.22,112,Suite 41
257105,Tiler,Raunds,traundseu@gravatar.com,true,1.26,0,PO Box 87321
609997,Brad,Figger,bfiggerev@irs.gov,true,3.55,64,Room 464
652925,Sasha,Cromett,scromettew@netscape.com,false,1.94,25,PO Box 96862
818933,Ronda,Taberer,rtabererex@imageshack.us,false,4.24,145,PO Box 26662
872720,Ramsay,Willson,rwillsoney@uol.com.br,true,0.62,9,20th Floor
672266,Shawnee,Booij,sbooijez@jimdo.com,true,6.56,149,6th Floor
760825,Klarrisa,Holstein,kholsteinf0@simplemachines.org,false,4.0,115,Suite 52
834425,Rebeka,Loughman,rloughmanf1@meetup.com,true,6.13,71,20th Floor
361296,Giff,Van Cassel,gvancasself2@dion.ne.jp,true,1.84,103,Suite 62
932398,Netta,Tern,nternf3@ucsd.edu,false,1.83,88,16th Floor
646016,Janot,Saiger,jsaigerf4@mapquest.com,false,4.07,80,1st Floor
722511,Morly,Este,mestef5@ow.ly,true,7.23,129,Suite 28
024894,Dacia,Caberas,dcaberasf6@rakuten.co.jp,false,3.28,64,Room 1667
497673,Birgitta,Lunk,blunkf7@cnn.com,false,6.04,43,Apt 49
805825,Zachary,Eliyahu,zeliyahuf8@mlb.com,true,9.79,44,Apt 26
785678,Correy,Cratchley,ccratchleyf9@shinystat.com,true,8.83,22,Apt 1239
513195,Mel,Rubee,mrubeefa@ihg.com,true,6.9,42,Room 311
253743,Pancho,Prettyjohns,pprettyjohnsfb@europa.eu,false,0.07,85,6th Floor
726530,Nathaniel,Majury,nmajuryfc@123-reg.co.uk,false,4.61,120,Apt 1658
280456,Cherida,Veld,cveldfd@51.la,true,8.71,131,Room 385
961267,Whitney,Yeudall,wyeudallfe@pbs.org,false,2.01,32,Room 945
164178,Nicolai,Fishbourn,nfishbournff@jimdo.com,false,9.54,88,PO Box 90048
399677,Alvis,Burgise,aburgisefg@liveinternet.ru,true,6.02,44,PO Box 87441
157399,Benji,Uphill,buphillfh@apple.com,false,4.54,137,Suite 29
004539,Hastie,Lindblom,hlindblomfi@wikispaces.com,true,1.42,27,PO Box 40732
680365,Maridel,McClay,mmcclayfj@unicef.org,false,5.88,4,Suite 53
830632,Merv,Twitty,mtwittyfk@accuweather.com,false,6.68,72,2nd Floor
214933,Deane,Sidey,dsideyfl@oaic.gov.au,true,4.91,93,Apt 1562
968905,Hieronymus,Snead,hsneadfm@samsung.com,false,2.55,5,PO Box 72701
984776,Lindy,Simmen,lsimmenfn@yelp.com,true,2.46,99,Suite 16
979116,Cody,Seelbach,cseelbachfo@epa.gov,false,6.99,42,Room 782
993322,Cort,Bottrell,cbottrellfp@vk.com,false,6.39,39,Suite 25
958883,Egbert,Adicot,eadicotfq@scientificamerican.com,true,8.49,63,PO Box 89758
428391,Si,Ciraldo,sciraldofr@clickbank.net,true,9.58,18,Suite 32
716223,Minerva,Gilffilland,mgilffillandfs@tripadvisor.com,false,5.92,52,4th Floor
594743,Bradly,Brugh,bbrughft@ft.com,false,3.79,45,5th Floor
011763,Brant,Seater,bseaterfu@goo.ne.jp,false,7.01,19,PO Box 48837
421331,Jo-anne,Bengtsson,jbengtssonfv@techcrunch.com,false,9.48,136,Room 586
765970,Port,Macklin,pmacklinfw@businessweek.com,false,7.67,63,Apt 696
664756,Datha,Bellhanger,dbellhangerfx@networksolutions.com,true,3.17,120,Apt 1332
012686,Peadar,Docker,pdockerfy@linkedin.com,false,2.05,130,Apt 459
093944,Jefferson,Sindell,jsindellfz@lulu.com,true,3.27,27,4th Floor
278623,Florrie,Nutton,fnuttong0@csmonitor.com,false,0.2,66,Apt 1882
880976,Amelita,Baumann,abaumanng1@free.fr,false,7.97,108,Room 386
691082,Hilliard,Kaaskooper,hkaaskooperg2@last.fm,false,1.03,134,PO Box 16923
959156,Jolee,D'Aguanno,jdaguannog3@wiley.com,true,8.79,85,PO Box 77807
578917,Mariana,Abels,mabelsg4@webeden.co.uk,false,0.15,140,3rd Floor
329659,Sharia,Valentino,svalentinog5@phoca.cz,false,0.18,118,Apt 1336
300065,Thatcher,Demeza,tdemezag6@mapquest.com,true,8.36,37,Room 261
954285,Bronson,Mablestone,bmablestoneg7@google.cn,false,0.25,134,3rd Floor
168173,Rusty,Tallon,rtallong8@reverbnation.com,false,9.39,38,Suite 80
147448,Cherrita,Borland,cborlandg9@marketwatch.com,true,9.38,87,Room 892
633877,Clarice,Villalta,cvillaltaga@spiegel.de,false,0.48,91,Room 472
163119,Horst,Auchinleck,hauchinleckgb@independent.co.uk,true,7.49,105,20th Floor
460785,Cole,Worner,cwornergc@github.com,false,7.13,23,Suite 50
980082,Kathryne,Henighan,khenighangd@1und1.de,false,2.46,74,Apt 168
442115,Yanaton,Darbey,ydarbeyge@who.int,false,8.29,6,Apt 830
089301,Dov,Yorston,dyorstongf@wunderground.com,true,0.26,10,Room 304
425638,Garvy,Thaxton,gthaxtongg@indiatimes.com,true,0.63,131,Apt 208
580023,Hy,McGilleghole,hmcgillegholegh@furl.net,true,9.26,79,Apt 1167
821339,Rosette,Scandrick,rscandrickgi@usgs.gov,false,4.31,82,Apt 1561
912367,Raddie,Moynihan,rmoynihangj@alibaba.com,true,2.76,94,Suite 6
952816,Dorthy,Billes,dbillesgk@whitehouse.gov,false,6.5,82,PO Box 14212
900384,Sheree,Jeffes,sjeffesgl@twitpic.com,true,3.77,92,9th Floor
893481,Marshall,Ferriere,mferrieregm@163.com,true,7.11,13,Suite 19
555313,Grata,Oughtright,goughtrightgn@phpbb.com,true,2.21,110,12th Floor
746209,Christoph,Ropking,cropkinggo@bbb.org,false,3.81,43,Room 1376
350874,Heath,Dibben,hdibbengp@time.com,false,2.29,13,Room 18
540695,Ali,Haste,ahastegq@yolasite.com,false,3.4,128,Suite 50
196266,Erik,Quilter,equiltergr@furl.net,true,8.74,116,Apt 1545
181257,Cynthea,Petrovsky,cpetrovskygs@ebay.co.uk,true,4.04,124,PO Box 17140
183639,Tuckie,Aldhouse,taldhousegt@europa.eu,false,1.11,93,Apt 900
260360,Hilly,Mulligan,hmulligangu@google.it,true,2.0,80,Suite 4
467116,Rosalinde,Butt Gow,rbuttgowgv@flickr.com,true,4.1,114,Suite 46
521029,Meryl,Maudlen,mmaudlengw@house.gov,false,1.96,51,Room 850
702320,Edee,Acom,eacomgx@angelfire.com,true,8.26,23,Apt 202
063428,Iain,Robottom,irobottomgy@github.io,true,1.21,93,PO Box 51930
203438,Coleman,Spaven,cspavengz@ebay.co.uk,false,2.81,37,PO Box 1907
868169,Papagena,Slee,psleeh0@addtoany.com,true,3.48,39,Room 818
626792,Elena,Kender,ekenderh1@ow.ly,true,7.66,82,PO Box 73120
270802,Misti,Shernock,mshernockh2@google.de,true,1.84,117,19th Floor
075894,Brooks,Jeandeau,bjeandeauh3@apple.com,false,4.39,133,20th Floor
541492,Murray,Lowensohn,mlowensohnh4@sfgate.com,false,2.33,23,20th Floor
948579,Barnie,Keighley,bkeighleyh5@prweb.com,true,4.69,71,PO Box 38667
712639,Theo,Bonnier,tbonnierh6@census.gov,false,6.39,6,PO Box 81881
453286,Nedda,Gawkes,ngawkesh7@godaddy.com,false,8.54,105,15th Floor
823911,Grethel,McGillecole,gmcgillecoleh8@skype.com,false,4.04,35,Apt 1243
929205,Corine,Glenister,cglenisterh9@shinystat.com,false,6.1,64,13th Floor
692021,Joeann,Brookton,jbrooktonha@altervista.org,false,7.94,59,Apt 376
756030,Simonne,Sich,ssichhb@qq.com,false,5.23,135,PO Box 21574
272092,Karisa,Lawther,klawtherhc@yellowbook.com,false,3.0,99,Apt 437
463340,Adriena,Dampney,adampneyhd@prlog.org,true,4.0,67,Apt 98
131850,Eachelle,Snape,esnapehe@webnode.com,false,9.15,26,10th Floor
555666,Ethe,Cabrara,ecabrarahf@earthlink.net,true,0.82,139,11th Floor
459265,Tannie,MacBey,tmacbeyhg@sourceforge.net,true,0.99,4,PO Box 4390
174606,Hali,Itzcovichch,hitzcovichchhh@lulu.com,false,0.04,103,Apt 969
823325,Rey,MacCarter,rmaccarterhi@nyu.edu,false,10.0,13,Apt 1024
245355,Dorelia,Goghin,dgoghinhj@bravesites.com,true,9.72,15,PO Box 93366
418771,Mae,Drakes,mdrakeshk@bing.com,false,6.48,11,PO Box 24528
674304,Britni,Massingham,bmassinghamhl@geocities.jp,true,6.83,78,Apt 963
598752,Kate,Whithorn,kwhithornhm@ovh.net,true,1.25,90,9th Floor
644238,Anatollo,Raggitt,araggitthn@cafepress.com,true,2.75,116,Room 730
510598,Nero,Allright,nallrightho@barnesandnoble.com,false,0.45,18,Suite 72
431722,Barri,Shenfisch,bshenfischhp@state.gov,true,8.14,25,5th Floor
294722,Gilbertina,Halhead,ghalheadhq@freewebs.com,false,0.44,94,6th Floor
068612,Marietta,Josifovic,mjosifovichr@reuters.com,false,4.73,147,Suite 83
295465,Dayna,Kyttor,dkyttorhs@wp.com,false,2.83,134,Apt 687
064113,Emmery,Kenwood,ekenwoodht@merriam-webster.com,false,5.91,65,Room 740
333093,Linnie,Galiford,lgalifordhu@hao123.com,false,0.97,50,Room 116
093688,Salem,McAndie,smcandiehv@google.de,false,8.81,105,PO Box 71524
775091,Sargent,Tillman,stillmanhw@blinklist.com,true,2.21,101,3rd Floor
024238,Aarika,Wilsdon,awilsdonhx@toplist.cz,false,6.84,117,Suite 45
431796,Catie,Valenti,cvalentihy@over-blog.com,true,6.95,41,Apt 751
783561,Cy,Boncoeur,cboncoeurhz@goo.ne.jp,true,0.33,69,PO Box 79401
135173,Lianne,Pucker,lpuckeri0@home.pl,true,1.83,83,Suite 82
756280,Chaddy,Jankovsky,cjankovskyi1@goodreads.com,false,3.45,112,Room 591
981941,Claus,Dmisek,cdmiseki2@furl.net,false,6.14,41,3rd Floor
025264,Melania,Beed,mbeedi3@jiathis.com,true,9.69,21,PO Box 76997
436101,Dulcinea,Umpleby,dumplebyi4@myspace.com,true,9.89,16,PO Box 593
155256,Corbin,Badby,cbadbyi5@wufoo.com,true,3.39,67,Suite 59
926626,Herc,Rene,hrenei6@cbc.ca,true,6.41,132,Room 1370
903104,Siusan,Vern,sverni7@upenn.edu,false,2.29,68,14th Floor
156605,Jareb,Von Oertzen,jvonoertzeni8@msu.edu,false,4.26,16,Apt 4
897596,Isiahi,Geach,igeachi9@spiegel.de,false,5.79,0,Room 798
822787,Benedikt,Lipscomb,blipscombia@ustream.tv,false,9.94,85,PO Box 10444
213728,Kimbra,Strauss,kstraussib@tripod.com,true,3.72,4,Suite 88
671855,Joel,Lockey,jlockeyic@bluehost.com,false,6.74,118,Suite 29
346090,Rivy,Lorie,rlorieid@simplemachines.org,true,1.29,25,1st Floor
804411,Florella,Downie,fdownieie@unc.edu,true,8.86,17,12th Floor
312087,Tedman,Valentim,tvalentimif@dagondesign.com,true,1.96,149,1st Floor
731409,Marlena,Brecknock,mbrecknockig@google.ru,true,4.03,80,Room 1748
844708,Alina,Moughton,amoughtonih@mtv.com,true,9.61,63,Room 477
109973,Domenico,Webben,dwebbenii@bing.com,true,1.88,122,Suite 21
482738,Johny,Laval,jlavalij@sphinn.com,false,0.71,87,Apt 244
069657,Urbano,Blesli,ublesliik@sohu.com,false,7.23,56,Room 1544
771552,Corri,Lendon,clendonil@ebay.com,false,1.26,116,PO Box 47430
763104,Garfield,Beange,gbeangeim@liveinternet.ru,true,8.68,57,Room 1859
389212,Caryl,Gayle,cgaylein@huffingtonpost.com,false,7.23,56,Suite 87
013890,Gram,Bonafacino,gbonafacinoio@qq.com,false,6.97,115,Suite 24
459788,Iris,Kobierski,ikobierskiip@addthis.com,true,4.79,34,Room 1674
216600,Micky,Swaffield,mswaffieldiq@springer.com,true,7.2,94,Suite 96
002188,Loydie,Menier,lmenierir@sakura.ne.jp,true,1.27,102,Room 1987
060705,Jeremy,Aime,jaimeis@google.com.au,false,5.76,51,Apt 435
059506,Des,Scarse,dscarseit@mediafire.com,false,8.05,59,Room 298
760325,Nikolaus,Farlam,nfarlamiu@cbsnews.com,true,6.6,123,Apt 664
515146,Lynea,Hastie,lhastieiv@guardian.co.uk,false,4.12,30,Suite 72
540311,Drusie,Tantrum,dtantrumiw@springer.com,true,6.73,1,Suite 77
139365,Efren,Van der Kruis,evanderkruisix@google.pl,true,4.35,29,14th Floor
734256,Barclay,Furlow,bfurlowiy@barnesandnoble.com,true,9.22,67,Apt 739
143203,Kristos,Filippi,kfilippiiz@discovery.com,true,0.95,106,PO Box 47980
394675,Arch,Worters,awortersj0@smugmug.com,false,0.67,112,Apt 361
965541,Jessamyn,Pelzer,jpelzerj1@nba.com,true,7.09,105,20th Floor
376863,Earl,Lydiard,elydiardj2@nih.gov,true,5.0,115,PO Box 49987
523622,Odey,Yvon,oyvonj3@globo.com,false,4.6,47,PO Box 6592
930838,Caesar,Axtell,caxtellj4@technorati.com,false,4.16,89,PO Box 75375
228273,Fields,Dowsett,fdowsettj5@ning.com,false,3.78,36,PO Box 25923
137819,Mar,Ingreda,mingredaj6@ca.gov,false,5.54,6,Apt 1351
680275,Manya,Revens,mrevensj7@squarespace.com,true,1.85,139,PO Box 27965
318208,Free,Powles,fpowlesj8@nature.com,true,5.03,3,Suite 43
360346,Hadley,Blasoni,hblasonij9@shinystat.com,true,0.61,13,7th Floor
712785,Wylma,Lashford,wlashfordja@hao123.com,true,3.3,105,17th Floor
238471,Laney,Nourse,lnoursejb@delicious.com,true,6.86,81,Room 277
086522,Darya,Neasham,dneashamjc@mtv.com,false,4.95,80,18th Floor
656544,Aluino,Neeson,aneesonjd@vimeo.com,true,0.65,29,10th Floor
874042,Korney,Juorio,kjuorioje@kickstarter.com,false,6.19,14,PO Box 38295
494293,Parsifal,Benam,pbenamjf@hubpages.com,true,5.96,150,PO Box 56514
185672,Elinor,Janman,ejanmanjg@github.com,true,5.22,13,PO Box 9294
170256,Wallie,Hawtrey,whawtreyjh@wikimedia.org,true,7.11,128,Room 1630
385278,Noll,Giordano,ngiordanoji@newsvine.com,false,2.63,4,Suite 53
795281,Fergus,Pauling,fpaulingjj@diigo.com,false,4.3,138,Suite 68
498104,Matias,Felix,mfelixjk@qq.com,true,5.05,26,Apt 2
706349,Winne,Archbald,warchbaldjl@mit.edu,true,7.87,51,Apt 1253
096632,Star,Danelutti,sdaneluttijm@nydailynews.com,true,6.51,133,Suite 99
864869,Terrie,Brideoke,tbrideokejn@tuttocitta.it,false,0.32,140,Apt 1131
555268,Collin,Dwight,cdwightjo@tinypic.com,false,0.72,103,PO Box 18601
753771,Regina,Philipeaux,rphilipeauxjp@blogs.com,true,8.89,91,Suite 10
732276,Zachery,Souster,zsousterjq@census.gov,true,9.06,101,16th Floor
279105,Hildegaard,Mole,hmolejr@yale.edu,true,7.48,57,PO Box 91039
172456,Vanny,Cluely,vcluelyjs@posterous.com,false,4.27,30,PO Box 53788
805370,Theda,Goude,tgoudejt@4shared.com,false,0.15,25,Suite 35
615379,Jaynell,Sedger,jsedgerju@independent.co.uk,true,2.69,95,Room 850
949074,Jorgan,Tatlowe,jtatlowejv@ucoz.ru,false,7.29,26,PO Box 21632
985725,Glyn,Batcock,gbatcockjw@oracle.com,true,7.22,40,14th Floor
419620,Hymie,Lawlance,hlawlancejx@who.int,false,2.95,54,PO Box 72847
442390,Vinnie,Meryett,vmeryettjy@youku.com,false,1.49,143,13th Floor
431838,Bernarr,Skeldinge,bskeldingejz@mediafire.com,true,7.87,76,PO Box 79579
922521,Jacquette,Guitt,jguittk0@miibeian.gov.cn,false,7.31,113,13th Floor
808188,Willie,Busfield,wbusfieldk1@topsy.com,true,6.86,13,20th Floor
842161,Calla,Sedgmond,csedgmondk2@bloomberg.com,true,7.65,132,Room 525
373994,Alison,Gotter,agotterk3@apple.com,false,3.95,37,1st Floor
134024,Charo,Test,ctestk4@naver.com,false,7.87,67,Apt 1470
698178,Maddy,Giddons,mgiddonsk5@newsvine.com,false,7.95,122,PO Box 69621
249937,Rolland,Cudworth,rcudworthk6@whitehouse.gov,false,7.61,3,4th Floor
955545,Elenore,Cathenod,ecathenodk7@smugmug.com,true,5.9,48,16th Floor
632214,Vladamir,Bendix,vbendixk8@cpanel.net,true,2.4,137,Apt 1826
130244,Vicki,Plinck,vplinckk9@mtv.com,true,7.72,100,PO Box 94288
022964,Brook,Keming,bkemingka@privacy.gov.au,true,1.32,125,Room 1474
066035,Fielding,Savary,fsavarykb@so-net.ne.jp,false,4.44,99,Apt 785
893872,Simone,Umney,sumneykc@1688.com,false,5.41,131,19th Floor
936892,Datha,de Wilde,ddewildekd@typepad.com,false,2.67,122,PO Box 95061
039546,Leandra,Allone,lalloneke@macromedia.com,false,2.1,37,Apt 1812
417621,Herta,Chittie,hchittiekf@tripod.com,true,6.41,147,PO Box 67656
575863,Francoise,Costain,fcostainkg@uol.com.br,false,3.44,73,20th Floor
922339,Merry,De Giorgis,mdegiorgiskh@ox.ac.uk,false,4.96,12,Room 1924
309223,Nev,Wasmuth,nwasmuthki@msn.com,false,2.89,83,Suite 100
458292,Graham,Stiddard,gstiddardkj@fastcompany.com,true,7.86,80,20th Floor
081415,Pauly,Perring,pperringkk@ihg.com,true,6.69,127,PO Box 92325
995246,Benson,Forth,bforthkl@toplist.cz,false,0.78,39,Room 1475
038658,Karlene,Bassford,kbassfordkm@goodreads.com,false,0.28,89,8th Floor
326620,Tine,McConnel,tmcconnelkn@devhub.com,true,8.46,123,Suite 4
611792,Lura,Frere,lfrereko@sina.com.cn,true,0.9,146,Apt 958
774352,Kristine,Barff,kbarffkp@scribd.com,false,2.26,144,Suite 9
800698,Bernadine,Saunderson,bsaundersonkq@cpanel.net,false,7.25,0,PO Box 72899
230862,Archibaldo,Johnson,ajohnsonkr@aboutads.info,false,9.47,81,Suite 87
383926,Sibilla,Lakeland,slakelandks@tripadvisor.com,true,3.18,129,8th Floor
703832,Vergil,Kieran,vkierankt@dmoz.org,false,8.16,44,Apt 980
594126,Wilone,Whayman,wwhaymanku@china.com.cn,true,7.93,121,Suite 38
266616,Bianka,Dimitrie,bdimitriekv@yandex.ru,true,1.96,119,Room 53
041401,Jerrie,Anthonies,janthonieskw@nasa.gov,true,1.86,2,Room 371
804924,Gregory,Yoxall,gyoxallkx@google.co.jp,false,6.91,44,8th Floor
577658,Kayley,Dockray,kdockrayky@fema.gov,false,7.1,19,PO Box 17248
433479,Frannie,Hughland,fhughlandkz@goo.ne.jp,false,2.8,76,Apt 525
154983,Ulysses,Klimowicz,uklimowiczl0@npr.org,true,3.96,146,Suite 86
697523,Lodovico,Shakespeare,lshakespearel1@phpbb.com,false,3.9,16,2nd Floor
826013,Ebba,Gamett,egamettl2@washingtonpost.com,false,3.09,52,Room 1059
256276,Tull,Clinton,tclintonl3@china.com.cn,false,0.27,43,PO Box 74916
001298,Gualterio,Keilloh,gkeillohl4@moonfruit.com,false,1.93,63,PO Box 87216
197950,Grantley,Papis,gpapisl5@accuweather.com,false,1.89,31,PO Box 4971
873705,Alistair,Hanigan,ahaniganl6@unicef.org,false,4.77,148,Room 1162
369148,Nils,Conti,ncontil7@technorati.com,true,0.42,16,Room 1326
733054,Giles,Burgin,gburginl8@marriott.com,true,1.43,145,Room 1786
436292,Ashby,Cumbes,acumbesl9@about.me,false,5.4,25,PO Box 16376
864907,Celinda,Morillas,cmorillasla@hc360.com,false,9.93,31,PO Box 78491
185520,Stephani,Morot,smorotlb@photobucket.com,true,6.22,74,PO Box 16971
517922,Allin,O'Hickee,aohickeelc@psu.edu,false,8.03,97,Room 398
315005,Shir,Ballam,sballamld@sohu.com,true,0.97,63,Apt 753
938869,Ward,Waumsley,wwaumsleyle@fotki.com,true,9.47,79,4th Floor
967739,Adrianne,Vigors,avigorslf@sitemeter.com,false,2.24,50,Apt 59
866644,Minnaminnie,Anning,manninglg@gmpg.org,false,9.14,142,PO Box 95034
349135,Allie,Gegg,agegglh@pen.io,false,6.36,23,Suite 46
452628,Mickie,Kornilyev,mkornilyevli@usgs.gov,false,4.3,127,PO Box 292
882877,Adriena,Ivashinnikov,aivashinnikovlj@shareasale.com,true,1.18,148,Room 936
738552,Quintina,Comins,qcominslk@wiley.com,false,2.84,101,8th Floor
930171,Jessika,Hedley,jhedleyll@squidoo.com,true,6.2,62,Room 1060
337516,Guthrie,Hexam,ghexamlm@europa.eu,false,1.37,48,Apt 377
748275,Agretha,Lafee,alafeeln@gravatar.com,true,6.86,44,Room 867
540855,Filippa,Dabney,fdabneylo@ft.com,true,0.69,17,Room 299
514153,Jenni,Aleksandrev,jaleksandrevlp@gravatar.com,true,6.98,124,Room 18
448671,Gertrudis,Alp,galplq@fema.gov,false,8.4,102,Suite 99
622270,Moyna,Klasing,mklasinglr@state.tx.us,true,4.91,80,Apt 749
811067,Gerrilee,Hellyar,ghellyarls@wunderground.com,false,2.91,141,Suite 87
252723,Claudette,Minchell,cminchelllt@bravesites.com,false,4.48,72,Suite 72
819423,Kayla,Pettisall,kpettisalllu@cmu.edu,false,6.19,71,Apt 815
588751,Archambault,Larvent,alarventlv@accuweather.com,false,9.63,79,Room 995
155074,Elroy,Lord,elordlw@sohu.com,true,8.96,148,13th Floor
180792,Cristin,Lotte,clottelx@comcast.net,true,7.88,37,8th Floor
968542,Kelsey,Ausiello,kausielloly@fotki.com,true,7.34,100,Suite 83
078967,Olivero,Overshott,oovershottlz@seattletimes.com,true,3.67,63,PO Box 93899
097042,Lauren,Darwood,ldarwoodm0@linkedin.com,false,4.64,5,Room 1116
420394,Rosabel,Beardsworth,rbeardsworthm1@blogger.com,false,0.05,25,6th Floor
850003,Westbrooke,Poytheras,wpoytherasm2@slashdot.org,false,5.71,82,PO Box 97504
897388,Essy,Hasloch,ehaslochm3@last.fm,true,4.69,40,Apt 1921
821214,Tillie,Delicate,tdelicatem4@cdc.gov,true,5.98,142,Room 1778
978699,Alfi,Corrigan,acorriganm5@theguardian.com,true,6.56,131,Suite 36
614281,Andie,Trevillion,atrevillionm6@state.tx.us,false,6.43,31,12th Floor
071364,Elane,L' Anglois,elangloism7@sourceforge.net,false,9.13,99,18th Floor
320793,Jackqueline,Simons,jsimonsm8@prnewswire.com,false,3.74,66,Room 354
086566,Darcy,Doonican,ddoonicanm9@illinois.edu,true,0.11,106,Suite 97
813967,Carilyn,Struttman,cstruttmanma@va.gov,true,9.24,103,Apt 429
876144,Allys,Boston,abostonmb@csmonitor.com,true,0.76,109,PO Box 77142
943628,Robbie,Muehler,rmuehlermc@domainmarket.com,true,3.23,68,12th Floor
695140,Fleming,Pillinger,fpillingermd@ycombinator.com,true,8.78,70,Room 969
317758,Agathe,O'Glassane,aoglassaneme@wsj.com,false,0.7,67,Suite 66
108240,Dolly,Impett,dimpettmf@ameblo.jp,false,6.08,76,Suite 98
337553,Putnem,Gumbley,pgumbleymg@desdev.cn,false,7.07,101,PO Box 58436
531590,Alena,Stutte,astuttemh@rakuten.co.jp,true,9.8,129,19th Floor
907241,Riley,Berkery,rberkerymi@sitemeter.com,false,4.64,85,16th Floor
154132,Curran,Pardi,cpardimj@msu.edu,false,3.06,128,Apt 1598
457083,Christoforo,Rubinlicht,crubinlichtmk@boston.com,false,7.65,43,19th Floor
124504,Demetra,Stealy,dstealyml@illinois.edu,false,9.03,114,Suite 64
739779,Colby,Oxborough,coxboroughmm@elegantthemes.com,false,8.41,123,Suite 17
055116,Marissa,Margaret,mmargaretmn@biglobe.ne.jp,true,4.36,144,Room 1157
671927,Archy,Coniam,aconiammo@reverbnation.com,false,8.78,105,Suite 53
397065,Pietra,Brann,pbrannmp@loc.gov,false,0.88,126,PO Box 55537
409303,Tris,Bellas,tbellasmq@guardian.co.uk,true,9.25,123,PO Box 92781
967313,Merrilee,Denekamp,mdenekampmr@hc360.com,false,0.6,106,Apt 332
238139,Ernestine,Nuttey,enutteyms@deviantart.com,false,5.33,74,Suite 83
239197,Jefferey,Cowins,jcowinsmt@google.it,false,8.13,133,Suite 51
840955,Charita,Golston,cgolstonmu@reverbnation.com,false,1.87,64,1st Floor
755040,Phaidra,Hollyard,phollyardmv@simplemachines.org,false,8.11,134,Apt 571
592280,Camellia,Plank,cplankmw@dot.gov,false,0.23,92,PO Box 66106
347314,Den,Alderman,daldermanmx@patch.com,false,4.59,1,Apt 133
086332,Irene,Barrar,ibarrarmy@networksolutions.com,false,6.15,149,3rd Floor
093186,Val,Neesham,vneeshammz@discuz.net,true,6.5,58,Suite 81
766691,Sashenka,Negro,snegron0@jugem.jp,true,5.39,101,Apt 292
336122,Jsandye,Lowdyane,jlowdyanen1@springer.com,true,8.91,113,18th Floor
781012,Oralie,Ibel,oibeln2@tinyurl.com,false,7.72,75,Apt 1640
160421,Jim,Catonne,jcatonnen3@slate.com,true,5.55,141,Room 753
410799,Veronica,Wicklen,vwicklenn4@epa.gov,true,1.12,26,19th Floor
434575,Syd,Foldes,sfoldesn5@hhs.gov,false,7.19,18,Suite 72
881112,Jammie,Bye,jbyen6@engadget.com,false,7.55,40,Room 111
531873,Rafaelia,Krysztowczyk,rkrysztowczykn7@comcast.net,false,0.47,130,PO Box 84264
664051,Gwyn,Wield,gwieldn8@pagesperso-orange.fr,true,4.33,21,Suite 90
488623,Tallie,Lelande,tlelanden9@flickr.com,true,4.07,65,9th Floor
545813,Ara,Frankish,afrankishna@tiny.cc,true,6.32,144,5th Floor
541104,Glynn,Code,gcodenb@weibo.com,false,9.41,86,Suite 35
330492,Onfre,Talman,otalmannc@dion.ne.jp,false,2.8,150,Room 454
894518,Buddie,Polhill,bpolhillnd@chronoengine.com,false,2.37,54,Apt 1720
664280,Karon,Allard,kallardne@cargocollective.com,true,7.47,42,Apt 1831
965310,Friedrich,Mapston,fmapstonnf@webnode.com,true,8.74,72,5th Floor
870678,Gilligan,Benfield,gbenfieldng@marriott.com,false,9.75,92,Suite 32
720795,Claudell,Fellowes,cfellowesnh@g.co,false,4.22,30,Room 986
075812,Herschel,Yukhov,hyukhovni@nymag.com,true,3.51,131,Room 200
739904,Harcourt,Bentall,hbentallnj@hugedomains.com,false,1.44,39,Apt 610
480609,Hollyanne,Belhome,hbelhomenk@businesswire.com,true,2.39,133,Room 1699
142324,Caro,Sarah,csarahnl@ning.com,false,9.67,5,9th Floor
678749,Gustavo,Oertzen,goertzennm@ow.ly,true,9.53,3,PO Box 28890
926682,Cordey,Orritt,corrittnn@admin.ch,false,5.47,69,Suite 52
000069,Marris,Macro,mmacrono@ustream.tv,false,1.59,13,Room 612
801263,Truman,Daftor,tdaftornp@google.it,false,6.89,113,Suite 22
013189,Ellary,Doughtery,edoughterynq@de.vu,false,6.48,35,Suite 9
078320,Zebulon,Vivian,zviviannr@apple.com,false,4.86,61,Suite 86
781807,Starr,Russ,srussns@mozilla.com,false,2.29,141,4th Floor
575822,Malissia,Ebbins,mebbinsnt@hud.gov,true,5.95,134,Apt 66
339431,Emelia,Legan,elegannu@state.tx.us,true,7.95,11,8th Floor
904915,Hammad,Clemente,hclementenv@flavors.me,true,9.83,63,Apt 906
189632,Erik,Bartlam,ebartlamnw@hud.gov,true,9.93,50,Apt 1895
261784,Pris,McSaul,pmcsaulnx@nytimes.com,false,7.12,76,Suite 12
250680,Pietrek,Leband,plebandny@wikispaces.com,false,5.64,139,Apt 1496
512143,Munmro,Raffels,mraffelsnz@yandex.ru,false,5.15,52,1st Floor
341345,Dulcia,Rumsby,drumsbyo0@nyu.edu,true,4.07,8,Suite 25
465430,Ginger,Eard,geardo1@columbia.edu,true,5.8,103,Apt 374
700366,Bertrando,Doeg,bdoego2@quantcast.com,false,9.04,142,1st Floor
187826,Theodoric,Berzon,tberzono3@europa.eu,false,7.66,102,PO Box 13394
322132,Thom,Mackerel,tmackerelo4@answers.com,true,4.56,118,PO Box 15107
637831,Antonella,Roscow,aroscowo5@yellowpages.com,true,8.3,136,Room 1450
911851,Ermengarde,Oliveto,eolivetoo6@skype.com,true,8.16,24,8th Floor
558506,Maryrose,Erdes,merdeso7@hao123.com,true,2.62,3,Apt 980
512036,Gabi,Ongin,gongino8@irs.gov,true,2.88,82,Room 1257
656540,Bamby,Irnys,birnyso9@java.com,false,3.26,48,19th Floor
643838,Jannel,Faley,jfaleyoa@soup.io,false,1.83,129,Suite 16
856148,Lenna,Manville,lmanvilleob@squidoo.com,true,5.16,141,4th Floor
113209,Rollin,De Minico,rdeminicooc@yahoo.com,true,7.9,1,Suite 78
803553,Teddy,Lewens,tlewensod@photobucket.com,true,8.97,86,PO Box 83357
988385,Adham,Szachniewicz,aszachniewiczoe@mayoclinic.com,false,2.55,1,10th Floor
725396,Jaclin,Duxbarry,jduxbarryof@slideshare.net,true,7.41,129,13th Floor
163828,Aubrey,Jaggs,ajaggsog@illinois.edu,false,3.81,110,Apt 113
893230,Tabby,Ofield,tofieldoh@devhub.com,true,4.75,98,PO Box 61025
816621,Benjie,Benezeit,bbenezeitoi@soup.io,false,9.68,55,Room 724
282414,Des,McDermott-Row,dmcdermottrowoj@shinystat.com,false,7.63,130,Suite 82
023386,Kristofor,Berard,kberardok@cyberchimps.com,true,9.24,121,Suite 69
846113,Alejandrina,Morde,amordeol@wordpress.org,false,6.72,64,16th Floor
501435,Claudio,Clemonts,cclemontsom@jalbum.net,false,3.86,68,Apt 1863
666250,Cozmo,Grigori,cgrigorion@bbb.org,true,5.25,70,Apt 646
886863,Gilda,Durtnel,gdurtneloo@multiply.com,false,1.21,121,Room 271
787734,Kristy,Ullrich,kullrichop@adobe.com,false,4.57,38,PO Box 61391
414209,Terri,Craghead,tcragheadoq@ehow.com,false,7.69,78,Apt 357
085817,Anabelle,Laurentin,alaurentinor@bloglovin.com,true,9.55,149,Room 887
395274,Brewer,McGilvray,bmcgilvrayos@discovery.com,true,0.61,14,PO Box 74592
677939,Charlean,Brockie,cbrockieot@yellowpages.com,false,3.3,37,Suite 16
143633,Solomon,Slader,ssladerou@amazon.co.uk,false,0.47,137,PO Box 95654
003560,Travus,Hackin,thackinov@amazon.com,false,9.66,96,Suite 90
422237,Hadlee,Wakeling,hwakelingow@vistaprint.com,true,8.24,63,PO Box 68949
437996,Cassi,McCart,cmccartox@instagram.com,true,3.05,134,Suite 64
425894,Fredi,Bertome,fbertomeoy@sciencedirect.com,true,2.76,104,Suite 75
766740,Karia,Lean,kleanoz@scribd.com,true,6.37,124,Suite 47
983489,Irv,Chazotte,ichazottep0@digg.com,true,7.8,141,Suite 11
967567,Mildrid,Duffil,mduffilp1@dell.com,false,6.71,145,PO Box 61033
667788,Zed,Holleworth,zholleworthp2@tumblr.com,true,3.15,4,2nd Floor
403064,Estrellita,Siviour,esiviourp3@paginegialle.it,false,2.7,32,Room 402
611202,Cord,Cassidy,ccassidyp4@cbslocal.com,false,3.53,42,6th Floor
208833,Rowland,Lampens,rlampensp5@ebay.com,false,9.2,148,1st Floor
882024,Gusty,Gredden,ggreddenp6@example.com,true,0.32,81,Suite 34
772477,Christina,Jotcham,cjotchamp7@house.gov,false,2.82,23,Apt 26
345805,Yancy,Tawton,ytawtonp8@indiatimes.com,false,5.36,81,PO Box 12853
936585,Korney,Geldart,kgeldartp9@phpbb.com,true,9.92,114,8th Floor
474714,Berk,Ciabatteri,bciabatteripa@purevolume.com,true,5.86,51,Room 708
818264,Eugenio,Nornable,enornablepb@4shared.com,true,7.19,69,Apt 426
796896,Grady,Whithalgh,gwhithalghpc@1688.com,true,1.94,30,PO Box 29544
155928,Karia,Castillou,kcastilloupd@toplist.cz,false,2.76,137,Apt 402
656990,Merrile,Sired,msiredpe@github.com,true,4.12,44,Room 1964
583165,Tiffany,Liveing,tliveingpf@hibu.com,true,1.58,105,Apt 1375
896420,Dona,Tarbard,dtarbardpg@wikipedia.org,false,9.23,26,Suite 54
732947,Holden,Rampling,hramplingph@salon.com,false,6.44,58,Room 374
959595,Arron,Flood,afloodpi@surveymonkey.com,true,4.48,82,Suite 28
199427,Bernard,Roddell,broddellpj@ycombinator.com,true,7.0,46,Apt 1575
640044,Ignacius,Boocock,iboocockpk@goodreads.com,true,5.96,43,PO Box 38177
680636,Gunner,Danahar,gdanaharpl@t-online.de,true,7.94,54,Apt 654
377246,Elisabet,Frary,efrarypm@google.cn,false,9.95,29,Suite 40
913897,Deonne,Pickavant,dpickavantpn@cisco.com,false,4.94,101,Room 913
564271,Olly,Brumble,obrumblepo@hc360.com,true,4.54,93,Suite 52
467449,Israel,Filchagin,ifilchaginpp@joomla.org,false,4.17,39,PO Box 97471
063925,Lloyd,Yakushkev,lyakushkevpq@yellowpages.com,true,7.69,90,Apt 1354
634680,Megen,Cheeseman,mcheesemanpr@sitemeter.com,true,5.62,113,PO Box 48863
673720,Fanni,Syncke,fsynckeps@naver.com,true,4.32,4,2nd Floor
288593,Bunnie,Eilhersen,beilhersenpt@canalblog.com,true,2.32,61,Apt 143
397378,Annelise,Wooster,awoosterpu@usa.gov,false,8.87,4,1st Floor
074752,Rona,Dowdam,rdowdampv@dmoz.org,true,1.46,143,Suite 40
386612,Beauregard,Malt,bmaltpw@arizona.edu,false,4.82,29,5th Floor
165808,Laure,Truckell,ltruckellpx@parallels.com,true,7.9,54,Suite 84
965893,Samson,Biggs,sbiggspy@home.pl,true,6.09,109,Suite 68
907703,Jilleen,Girvin,jgirvinpz@storify.com,true,6.4,35,Room 1745
730284,Alaric,Folli,afolliq0@un.org,true,4.6,89,8th Floor
504285,Anna-maria,Bosward,aboswardq1@jiathis.com,false,3.48,48,15th Floor
311235,Fiann,Farmar,ffarmarq2@1688.com,false,8.23,79,Room 1887
440253,Koren,Harvie,kharvieq3@sakura.ne.jp,false,6.4,43,Room 1917
962463,Vyky,Braunstein,vbraunsteinq4@scribd.com,false,8.24,104,Suite 52
106669,Prissie,Booth-Jarvis,pboothjarvisq5@ehow.com,false,2.94,80,PO Box 71819
372252,Belicia,Tredinnick,btredinnickq6@networksolutions.com,true,4.09,9,PO Box 7791
312580,Grissel,Duplock,gduplockq7@wikimedia.org,true,8.73,3,6th Floor
104188,Giacopo,Boynes,gboynesq8@microsoft.com,false,8.77,33,13th Floor
409665,Prinz,Liddicoat,pliddicoatq9@geocities.com,true,3.71,143,PO Box 97302
722576,Meier,Koch,mkochqa@dyndns.org,false,3.81,70,Suite 8
833866,Annmarie,Whimper,awhimperqb@yellowpages.com,false,4.64,131,8th Floor
058589,Lettie,Aylmer,laylmerqc@paginegialle.it,true,4.01,150,16th Floor
460521,Perri,Phonix,pphonixqd@blog.com,false,0.1,120,Suite 74
345235,Flora,Affuso,faffusoqe@facebook.com,false,0.69,67,Apt 128
116085,Juana,Rickerd,jrickerdqf@foxnews.com,false,9.96,6,PO Box 93731
217435,Loydie,Olivelli,lolivelliqg@skyrock.com,false,2.42,64,Suite 39
482693,Maurita,Portman,mportmanqh@networkadvertising.org,true,6.07,76,Suite 7
488205,Marthe,Burchmore,mburchmoreqi@weather.com,true,9.92,114,Suite 75
428151,Maye,Burstowe,mburstoweqj@elegantthemes.com,true,4.17,142,Suite 13
771942,Bennie,Deane,bdeaneqk@over-blog.com,false,1.15,121,Apt 1279
666115,Jeanette,Phythean,jphytheanql@intel.com,true,6.97,74,Apt 66
066446,Rozalie,Keesman,rkeesmanqm@marriott.com,true,4.23,129,14th Floor
320299,Sully,Whitemarsh,swhitemarshqn@skyrock.com,true,0.47,44,Room 994
642210,Kalli,Giacomi,kgiacomiqo@flavors.me,true,8.8,49,PO Box 9336
204884,Helaine,Dowman,hdowmanqp@nps.gov,false,1.37,99,PO Box 17710
364999,Jamesy,Schrader,jschraderqq@godaddy.com,true,1.72,98,Apt 687
832711,Analise,Helder,ahelderqr@tiny.cc,false,3.81,98,Suite 92
318743,Lannie,Grimm,lgrimmqs@hp.com,true,6.82,103,PO Box 39503
712528,Scarface,Allday,salldayqt@china.com.cn,false,0.94,50,Room 1186
732763,Giselbert,Hugenin,ghugeninqu@desdev.cn,false,1.05,110,Apt 1292
338795,Bobine,Clarabut,bclarabutqv@nsw.gov.au,false,8.08,3,Room 291
334271,Artemus,Tailby,atailbyqw@sina.com.cn,true,9.13,129,Suite 28
993975,Putnem,Pagram,ppagramqx@delicious.com,false,7.62,110,Room 295
460083,Danya,Guerrin,dguerrinqy@discuz.net,false,8.65,2,Suite 79
457063,Antonia,Mumbray,amumbrayqz@ca.gov,true,1.06,61,Room 358
336003,Bibbye,Skeete,bskeeter0@g.co,false,5.81,84,PO Box 84939
320395,Jarrad,Hamilton,jhamiltonr1@weibo.com,true,1.26,26,Room 250
595129,Patin,Whyatt,pwhyattr2@sbwire.com,false,2.06,35,Room 1922
610056,Chantal,Murley,cmurleyr3@google.ca,true,1.01,142,Apt 133
723025,Avram,Czaja,aczajar4@bloglovin.com,true,9.13,83,16th Floor
040242,Purcell,Farrington,pfarringtonr5@feedburner.com,false,8.29,43,18th Floor
968392,Alayne,Fehely,afehelyr6@tinyurl.com,false,4.25,64,Apt 1678
718656,Arly,Lee,aleer7@craigslist.org,true,5.13,114,Apt 1671
592003,Arvin,Jain,ajainr8@columbia.edu,true,7.14,63,20th Floor
145570,Deane,Snoday,dsnodayr9@canalblog.com,true,1.73,85,Apt 669
911488,Merrile,Hackleton,mhackletonra@springer.com,true,0.36,31,PO Box 20365
772300,Minda,Wyley,mwyleyrb@patch.com,false,3.66,25,PO Box 16913
021141,Roman,Yousef,ryousefrc@joomla.org,false,7.52,72,Suite 62
336958,Marleah,McMorland,mmcmorlandrd@quantcast.com,true,1.61,88,PO Box 15945
601564,Eudora,Tregent,etregentre@cnn.com,false,6.99,44,Apt 1707
342004,Mari,Caldwell,mcaldwellrf@acquirethisname.com,true,8.1,5,19th Floor
906452,Martina,Coaten,mcoatenrg@reference.com,true,3.74,95,Suite 62
618654,Tabina,McCluskey,tmccluskeyrh@example.com,false,6.32,41,Room 421
288187,Dwain,Court,dcourtri@sina.com.cn,true,3.16,137,PO Box 85098
798853,Emeline,Red,eredrj@bloglovin.com,true,6.6,96,Room 1220
755099,Fonsie,Gian,fgianrk@jugem.jp,false,5.45,99,Room 1315
150914,Linzy,Colebeck,lcolebeckrl@tmall.com,false,8.18,72,16th Floor
018499,Gaye,Stean,gsteanrm@rambler.ru,true,7.24,100,Room 416
358116,Othilie,Friett,ofriettrn@ask.com,true,7.17,48,PO Box 93968
611308,Caressa,Palphramand,cpalphramandro@japanpost.jp,false,6.99,89,Apt 256
081948,Claire,Scarbarrow,cscarbarrowrp@bizjournals.com,true,6.33,122,PO Box 80640
745719,Bertine,Lemary,blemaryrq@eventbrite.com,false,9.72,14,Apt 420
119166,Lyon,Charette,lcharetterr@wikimedia.org,false,5.79,55,PO Box 72815
